employee_name,user,anomaly_score,risk_score,risk_level,is_anomaly
Calvin Edan Love,CEL0561,0.1577491209784465,9.39,Low,False
Christine Reagan Deleon,CRD0624,0.14302267943572228,13.17,Low,False
Jade Felicia Caldwell,JFC0557,0.04393608216861211,38.58,Medium,False
Aquila Stewart Dejesus,ASD0577,0.1446243705770211,12.76,Low,False
Micah Abdul Rojas,MAR0955,0.12079646129024446,18.87,Low,False
Gail Rhiannon Mcconnell,GRM0868,0.15077146644451966,11.18,Low,False
April Alika Levy,AAL0706,0.16185003539902493,8.34,Low,False
Rama Vielka Clayton,RVC0232,0.17667144666269596,4.54,Low,False
Tasha Casey Dalton,TCD0009,0.16964540697838,6.34,Low,False
Aurora Sarah Manning,ASM0575,0.16557451195582407,7.39,Low,False
Devin Abdul Rogers,DAR0885,0.10362524962377184,23.27,Low,False
Jacqueline Latifah Miles,JLM0364,0.00011113641421434117,49.81,Medium,False
Ferris Omar Barry,FOB0756,0.10859867509172988,22.0,Low,False
Grant Camden Gay,GCG0951,0.12892623846626222,16.78,Low,False
Howard Wing Yang,HWY0038,0.10930045934599136,21.82,Low,False
Aspen Amber Vinson,AAV0450,0.1754563548071506,4.85,Low,False
Colorado John Valentine,CJV0286,0.14654716613860713,12.26,Low,False
Tyrone Damian Garner,TDG0962,0.13996037607301887,13.95,Low,False
Stephanie Victoria Lyons,SVL0803,0.18800607178673218,1.63,Low,False
Quynn Odessa Sanford,QOS0878,0.09884376955243646,24.5,Low,False
Melyssa Deirdre Morgan,MDM0625,-0.03904804023130548,59.86,High,True
Gray Mason Fulton,GMF0738,0.1377461739624643,14.52,Low,False
Bianca Elizabeth Roach,BER0314,0.15076566016550969,11.18,Low,False
Aurelia Martina Reese,AMR0400,0.17130636756661832,5.92,Low,False
Yardley Cairo Elliott,YCE0983,0.1640712589575209,7.77,Low,False
Blaine Jelani Weeks,BJW0619,0.14787198558088605,11.92,Low,False
Delilah Pearl Schneider,DPS0262,0.15144128144570934,11.01,Low,False
TaShya Yoko Bailey,TYB0779,0.16691973121262604,7.04,Low,False
Melissa Ava Stuart,MAS0025,0.12412191093175656,18.01,Low,False
Kermit Beau Leach,KBL0260,0.16291771850596398,8.07,Low,False
Geoffrey Harlan Lara,GHL0460,0.12635612648275102,17.44,Low,False
Flynn Malcolm Gibson,FMG0527,0.13873490199074884,14.27,Low,False
Heather Cynthia Leonard,HCL0651,0.08758878923917829,27.38,Medium,False
Shannon Chantale Price,SCP0130,0.09622375171292696,25.17,Medium,False
Castor Mark Wolf,CMW0783,0.16737925921140046,6.92,Low,False
Ryan Kelly Frost,RKF0164,0.13675256719806334,14.78,Low,False
Damian Omar Le,DOL0332,0.17036298477925482,6.16,Low,False
Robert Samuel Chen,RSC0089,0.021261112909888857,44.39,Medium,False
Cailin Casey Mckee,CCM0136,0.11458814178641025,20.46,Low,False
Nina Camille Hodges,NCH0179,0.12525908723307605,17.72,Low,False
Nicolas Brandon Hendrix,NBH0256,0.1555532235787117,9.96,Low,False
Olivia Rose Galloway,ORG0339,0.141955831204801,13.44,Low,False
Forrest Rashad Richards,FRR0832,0.1739283566290722,5.24,Low,False
Miriam Shoshana Donovan,MSD0939,0.178610476176078,4.04,Low,False
Olivia Quynn Hardy,OQH0183,0.1741246894237623,5.19,Low,False
Bethany Stephanie Haynes,BSH0445,0.17910942438465693,3.91,Low,False
Kennedy Shad Parker,KSP0357,0.06428731489236833,33.36,Medium,False
Nigel Gareth Ochoa,NGO0690,0.15888320607407647,9.1,Low,False
Vincent Craig Cunningham,VCC0396,0.060573642247378046,34.31,Medium,False
Wesley Dustin Dickerson,WDD0366,0.0057706424848453786,48.36,Medium,False
Kai Penelope Peck,KPP0452,0.144029483973606,12.91,Low,False
Raymond Tate Osborne,RTO0313,0.11345273906921094,20.75,Low,False
Ariel Bertha Murphy,ABM0845,0.14630683567898733,12.33,Low,False
Vance Ira Alston,VIA0063,-0.03213070143897023,58.08,High,True
Benjamin Ignatius Hooper,BIH0745,0.10051120840617778,24.07,Low,False
Clinton Coby Wolfe,CCW0031,0.16108763406512738,8.54,Low,False
Illana Yvette Bradshaw,IYB0918,0.17368987270595743,5.3,Low,False
Orla Ruth Mckenzie,ORM0669,0.1706109786332698,6.09,Low,False
Mikayla Jaden Barron,MJB0588,0.15458300540076003,10.2,Low,False
Arthur Lucian Bonner,ALB0892,0.16318690263838165,8.0,Low,False
Leah Idola Moran,LIM0674,0.09357913558721609,25.85,Medium,False
Lacota Helen Nash,LHN0151,0.15587979105709288,9.87,Low,False
William Theodore Reeves,WTR0563,0.16928341302979638,6.43,Low,False
MacKenzie Kristen Stewart,MKS0204,0.17791351889869594,4.22,Low,False
Armando Albert Walter,AAW0353,0.16788115806639625,6.79,Low,False
Willow Jaime Daniel,WJD0576,0.17659143708999003,4.56,Low,False
Irene Lacota Huffman,ILH0958,0.07531921024955257,30.53,Medium,False
Tallulah Liberty Kirby,TLK0993,0.17546048586761415,4.85,Low,False
William Aladdin Bennett,WAB0143,0.16720502722698205,6.97,Low,False
Rashad Aristotle Guerrero,RAG0275,0.18487229485363293,2.44,Low,False
Leilani Quail Callahan,LQC0479,0.11721196801501943,19.79,Low,False
Kai Wynne Craft,KWC0004,0.05742182071240898,35.12,Medium,False
Cora Jane Kinney,CJK0200,0.18562378863085044,2.24,Low,False
Flynn Edward Brennan,FEB0306,0.11566007389165289,20.18,Low,False
Indira Jocelyn Mack,IJM0776,0.11118896879198287,21.33,Low,False
Nicolas Kadeem Hayden,NKH0807,0.17334301078519715,5.39,Low,False
Jade Maris Coleman,JMC0925,0.1273835573514216,17.18,Low,False
Stephanie Briar Harrington,SBH0537,0.084751362723688,28.11,Medium,False
Julie Jaime Burns,JJB0700,0.15558238365536442,9.95,Low,False
Amaya Iola Sawyer,AIS0405,0.16415615244087683,7.75,Low,False
Hilda Alice Hahn,HAH0760,0.10378854241506774,23.23,Low,False
Aladdin Hu Day,AHD0848,0.09427898865662898,25.67,Medium,False
Lila Dana Mcintyre,LDM0587,0.1632824402100676,7.97,Low,False
Armand Jasper Nicholson,AJN0607,0.03306457194614543,41.36,Medium,False
Bevis Brady Sheppard,BBS0039,0.0414415268771714,39.22,Medium,False
Emerald Imani Schmidt,EIS0041,-0.1416695225667678,86.17,Critical,True
Melodie Lee Glenn,MLG0475,0.16724226492081656,6.96,Low,False
Hadley Rhona Dillon,HRD0635,0.12060076805969544,18.92,Low,False
Ethan Perry Wiggins,EPW0434,0.17274622767349262,5.55,Low,False
Jena Audrey Malone,JAM0382,0.1776035874526083,4.3,Low,False
Noble Clinton Klein,NCK0295,0.17131945417760008,5.91,Low,False
Luke Jacob Talley,LJT0817,0.09053530407689148,26.63,Medium,False
Chandler Ashton Madden,CAM0102,0.18192368718949797,3.19,Low,False
Suki Ori Grant,SOG0411,0.16569833816119212,7.35,Low,False
Kameko Signe Harrison,KSH0569,0.14470610608004209,12.74,Low,False
Bruno Donovan Ingram,BDI0533,0.04294369718688795,38.83,Medium,False
Paula Madaline Jackson,PMJ0564,0.13757064875652597,14.57,Low,False
Hedda Grace Gordon,HGG0240,0.1810727165769629,3.41,Low,False
Mari Gretchen Shaw,MGS0974,0.11819338626367609,19.54,Low,False
Dominic Howard Mcconnell,DHM0937,0.1728587404892784,5.52,Low,False
Evelyn Nevada Curtis,ENC0234,0.1604729127926634,8.69,Low,False
Colin Evan Brown,CEB0210,0.1665201175887766,7.14,Low,False
Yvette Jeanette Vang,YJV0699,0.1556820126407687,9.92,Low,False
Brittany Mona Terry,BMT0528,0.09855668069088397,24.57,Low,False
Caleb Jonas Chang,CJC0494,0.14047995733013302,13.82,Low,False
Sean Omar Burgess,SOB0360,0.06792895996107595,32.42,Medium,False
Glenna Caryn Sharpe,GCS0571,0.1014774689678315,23.82,Low,False
Beck John Peters,BJP0134,-0.05450870371059646,63.82,High,True
Kirby Bo Pollard,KBP0008,-0.023587461308134494,55.89,High,True
Fitzgerald Len Merrill,FLM0213,0.14925772374255614,11.57,Low,False
Rhonda Rhona Parsons,RRP0568,0.09217511099624642,26.21,Medium,False
Maxwell Clark Faulkner,MCF0600,0.1052814703292222,22.85,Low,False
Shelly Audra Ayala,SAA0999,-0.04189221350698036,60.58,High,True
Teagan Hedy Romero,THR0873,-0.04983183683443482,62.62,High,True
Kimberley Roary Maldonado,KRM0541,0.17812790571183668,4.17,Low,False
Kenneth Steel Porter,KSP0966,0.17337513695824097,5.39,Low,False
Lionel Omar Fisher,LOF0311,0.14836893108075422,11.8,Low,False
Montana Basia Roberts,MBR0724,0.16925733547632554,6.44,Low,False
Felicia Sloane Cabrera,FSC0601,0.1012046676212669,23.89,Low,False
Medge Liberty Petersen,MLP0668,0.16124043160592583,8.5,Low,False
Charity Uta Daniels,CUD0795,0.1487296090351709,11.71,Low,False
Aurora Katell Rhodes,AKR0057,0.11613829259918984,20.06,Low,False
Guy Zeus Chandler,GZC0735,0.04943700121110839,37.17,Medium,False
Hadassah Leah Harris,HLH0512,0.1544047656905868,10.25,Low,False
Norman Jackson Beck,NJB0243,0.18429929060661776,2.58,Low,False
Gregory Curran Sutton,GCS0518,0.17533480362248322,4.88,Low,False
Nicole Macey Craig,NMC0486,0.1425296037163738,13.29,Low,False
Keegan Marvin Benson,KMB0922,0.10012759855165365,24.17,Low,False
Cecilia Freya Morgan,CFM0767,0.11935762335213956,19.24,Low,False
Holmes Arden Day,HAD0246,0.05278868334061848,36.31,Medium,False
Alexa Nadine Poole,ANP0555,0.1762215445393967,4.66,Low,False
Leslie Briar Fields,LBF0214,0.006570392090411659,48.16,Medium,False
Dacey Jorden Bowen,DJB0159,0.09312558062856374,25.96,Medium,False
Baxter William Price,BWP0202,0.11338793781186396,20.77,Low,False
Flavia Fiona Cannon,FFC0891,0.08630387993530492,27.71,Medium,False
Amal Judah Rich,AJR0932,0.1241087118040532,18.02,Low,False
Blair Deborah Vaughn,BDV0168,0.13397574809256335,15.49,Low,False
Cassady Quincy Hampton,CQH0730,0.1389379684734916,14.22,Low,False
Jena Chanda Rollins,JCR0289,0.1810798499671844,3.41,Low,False
Addison Edward Snyder,AES0827,0.16441284251877347,7.68,Low,False
Sydnee Leilani Parsons,SLP0762,0.17029286312572622,6.18,Low,False
Cheyenne Lesley Dominguez,CLD0894,0.16063943710110695,8.65,Low,False
Leo Chaney Daugherty,LCD0622,0.14215903986887718,13.39,Low,False
Caleb Mason Ball,CMB0912,0.05263260202293185,36.35,Medium,False
Zenia Kiona Stevenson,ZKS0899,-0.05308371370244247,63.45,High,True
James Cain Vargas,JCV0245,0.19437729431085726,0.0,Low,False
Ali Murphy Hurley,AMH0794,0.18537868772684662,2.31,Low,False
Francis Kane Buckner,FKB0163,0.17467059170351368,5.05,Low,False
Amena Karyn Christian,AKC0924,0.18604369000456766,2.14,Low,False
Ivory Leandra Rogers,ILR0304,0.16656688139919795,7.13,Low,False
Arthur John Floyd,AJF0370,-0.19560695844399012,100.0,Critical,True
Octavius Kelly Castaneda,OKC0107,0.173113419566094,5.45,Low,False
Oren Clinton Sharpe,OCS0865,0.033062585806477696,41.36,Medium,False
Urielle Jane Carter,UJC0737,0.12714557438149748,17.24,Low,False
Marshall Benjamin Wilcox,MBW0809,0.11110504650747594,21.35,Low,False
Martina Cassandra Fields,MCF0327,0.1508641083418285,11.16,Low,False
Sylvester Guy Sanders,SGS0268,0.17731669882236084,4.37,Low,False
Brian Nathaniel Greer,BNG0237,0.15119701392623708,11.07,Low,False
Olympia Shafira Harrison,OSH0655,0.16939664469220272,6.41,Low,False
Catherine Savannah Bullock,CSB0080,0.1714470301795588,5.88,Low,False
Ella Rachel Hess,ERH0449,0.1677192636003928,6.84,Low,False
Eagan Gannon Koch,EGK0893,0.16246663267196348,8.18,Low,False
Maggy Melissa Burt,MMB0488,0.1487688340974586,11.69,Low,False
Abel Adam Morton,AAM0658,0.13022814909086328,16.45,Low,False
Eliana Stephanie Albert,ESA0642,0.17164425896538787,5.83,Low,False
Chandler Raymond Kirk,CRK0916,0.17491510653327103,4.99,Low,False
Bruno Beau Hoover,BBH0810,0.17214184391708626,5.7,Low,False
Jessica Rachel Freeman,JRF0835,0.15717541290605014,9.54,Low,False
Sloane Jade Cochran,SJC0333,0.16159163729575687,8.41,Low,False
Halla Cathleen Simmons,HCS0003,-0.09385835254233199,73.91,High,True
Edan Marsden Briggs,EMB0531,0.17076614375210442,6.05,Low,False
Jane Ignacia Mcdonald,JIM0095,0.15621545694155703,9.79,Low,False
Kay Janna Snider,KJS0618,0.13644877000380579,14.85,Low,False
Eaton Burton Crane,EBC0390,0.18915874965243312,1.34,Low,False
Willa Giselle Stanton,WGS0516,0.16649656147446668,7.15,Low,False
Nissim Gil French,NGF0157,0.11262662919425687,20.96,Low,False
Katell Amethyst Thornton,KAT0489,0.12497781041451622,17.8,Low,False
Cora Clementine Higgins,CCH0685,0.15526069872725667,10.03,Low,False
Doris Mona Michael,DMM0623,0.12207219826763421,18.54,Low,False
Sylvia Ariana Head,SAH0599,0.15085200790284037,11.16,Low,False
Connor Phelan Guerra,CPG0322,0.06894248067113512,32.16,Medium,False
Orson Barrett Houston,OBH0499,-0.06411336639627774,66.28,High,True
Sage Nichole Savage,SNS0129,0.16917369968890966,6.46,Low,False
Philip Keith Barron,PKB0429,0.18242065934439783,3.07,Low,False
Nicole Aurelia Hanson,NAH0503,0.06767921648993791,32.49,Medium,False
Felicia Rhona Butler,FRB0023,0.10459485745753766,23.02,Low,False
Amir Hayden Gray,AHG0634,0.1589099893826591,9.09,Low,False
Chadwick Wayne Bond,CWB0065,0.13228168736195578,15.92,Low,False
Aurora Tatiana Payne,ATP0662,0.020276926303434695,44.64,Medium,False
Dalton Perry Mejia,DPM0423,0.07684052498691946,30.14,Medium,False
Walter Kaseem Foley,WKF0012,0.1147116667100615,20.43,Low,False
Jarrod Malik Burris,JMB0308,0.13206935494474048,15.98,Low,False
Amity Kendall Foley,AKF0709,0.1769652579753317,4.46,Low,False
Jermaine Mannix Hansen,JMH0543,0.1547202329491777,10.17,Low,False
Camille Julie Freeman,CJF0802,0.14633422487962777,12.32,Low,False
Ignatius Reese Morton,IRM0931,0.04042619336304809,39.48,Medium,False
Fulton Quinn Avery,FQA0854,0.15100908235087107,11.12,Low,False
Cecilia Yuri Ashley,CYA0506,0.12882264961512196,16.81,Low,False
Gay Ria Cantu,GRC0145,0.15277512799075033,10.67,Low,False
Benjamin Lewis Sweeney,BLS0678,0.13268105691218574,15.82,Low,False
Harlan Jason Benjamin,HJB0742,0.14008947350771678,13.92,Low,False
Kimberley Kiona Sosa,KKS0119,0.10094538497142991,23.96,Low,False
Raymond Arsenio Blackwell,RAB0589,0.1103739319602331,21.54,Low,False
Demetrius Barry Bullock,DBB0384,-0.014995189420573873,53.69,High,True
Teagan Raven Kennedy,TRK0914,0.17390149214630013,5.25,Low,False
Blossom Scarlett Aguirre,BSA0431,0.1722718218310968,5.67,Low,False
Rachel Hermione Le,RHL0992,0.1024908708818334,23.56,Low,False
Caldwell Ian Maxwell,CIM0926,0.16799425139213225,6.77,Low,False
Cassidy Florence Gibbs,CFG0959,0.13404530425950306,15.47,Low,False
Vera Mollie Jenkins,VMJ0147,0.11744608404390577,19.73,Low,False
Sawyer Abel Turner,SAT0194,0.15381172624027661,10.4,Low,False
Harper Basil Obrien,HBO0413,0.07850506321618111,29.71,Medium,False
Declan Zachery Caldwell,DZC0228,0.18253181397864487,3.04,Low,False
Theodore Eagan Bass,TEB0251,0.1498263764617071,11.42,Low,False
Maryam Nelle Ruiz,MNR0829,0.16975629725409508,6.31,Low,False
Daryl Ocean Patel,DOP0562,0.18389351226022782,2.69,Low,False
Uriel Axel Diaz,UAD0771,0.09674711997486085,25.03,Medium,False
Ayanna Leandra Dunlap,ALD0544,0.15478210805167308,10.15,Low,False
Lysandra Chastity Brennan,LCB0664,0.006563185518274284,48.16,Medium,False
Hyacinth Clare Lindsay,HCL0113,0.17990418414621778,3.71,Low,False
Tamara Shaeleigh Best,TSB0437,0.17531964061701394,4.89,Low,False
Elton Zeus Horton,EZH0736,0.16227833083957738,8.23,Low,False
Josiah Chester Gray,JCG0316,0.05790741015352563,34.99,Medium,False
Malcolm Sebastian Garrison,MSG0839,0.17453458703345032,5.09,Low,False
Lionel Jasper Johnston,LJJ0905,0.16564368505108967,7.37,Low,False
Hall Colorado Morin,HCM0267,-0.022143937822470816,55.52,High,True
Malachi Thor Butler,MTB0620,0.026492445756837846,43.05,Medium,False
Clayton Clark Humphrey,CCH0182,0.16618460633309123,7.23,Low,False
Cole Aaron Mcfarland,CAM0681,0.10732273317010876,22.32,Low,False
Lyle Brady Hayes,LBH0942,-0.06607556556997662,66.79,High,True
Cedric Alexander Bowers,CAB0388,0.17445547160508673,5.11,Low,False
William Graham Rowe,WGR0833,0.14643976719701146,12.29,Low,False
Mohammad Taylor Terrell,MTT0901,0.08072917683385289,29.14,Medium,False
Gisela Quintessa Fischer,GQF0659,0.18536314016628697,2.31,Low,False
Callum Scott Parrish,CSP0197,0.1445028709265393,12.79,Low,False
Octavia May Maddox,OMM0944,0.16203654498129905,8.29,Low,False
Irma Melanie Patrick,IMP0530,0.16523160860007657,7.47,Low,False
Owen Ross Burks,ORB0473,0.16111757185899872,8.53,Low,False
Jenette McKenzie Lynn,JML0909,0.15545084485517274,9.98,Low,False
Noble Devin Mack,NDM0417,0.07889720707268305,29.61,Medium,False
Ferdinand Rashad Lee,FRL0511,0.16324744824886084,7.98,Low,False
Lynn Adena Pratt,LAP0338,0.12405222820609502,18.03,Low,False
Harper Clark Vazquez,HCV0478,0.12278394724422081,18.36,Low,False
Kimberley Joy Anderson,KJA0152,0.15572527917589313,9.91,Low,False
Erasmus Cameron Franco,ECF0828,0.1400683014289527,13.93,Low,False
Buffy Vivien Nichols,BVN0514,0.13408955465829187,15.46,Low,False
Bruno Stewart Silva,BSS0463,0.17360976374408138,5.33,Low,False
Jonathan John Martinez,JJM0203,0.12883059881429465,16.81,Low,False
Adam Ishmael Mcdaniel,AIM0627,0.15074185362955222,11.19,Low,False
Rashad August Hatfield,RAH0440,0.16854708379787708,6.62,Low,False
Xenos Hayden Gallegos,XHG0902,0.1487939285510076,11.69,Low,False
Tobias Dakota Jacobs,TDJ0998,0.15958896698367436,8.92,Low,False
John Price Atkins,JPA0667,0.17350910362245497,5.35,Low,False
Elaine Hanna Raymond,EHR0096,0.16473585604735874,7.6,Low,False
Sharon Jemima Whitehead,SJW0451,0.1590766199390256,9.05,Low,False
Colton Nathan Barber,CNB0900,0.18078655200533267,3.48,Low,False
Ethan Arden Hays,EAH0466,0.06946152560944197,32.03,Medium,False
Curran Tarik Ayala,CTA0020,0.010695401995344911,47.1,Medium,False
Sandra Roary Solomon,SRS0231,0.1802446813858637,3.62,Low,False
Hadley Willa Hill,HWH0646,0.16593755723226333,7.29,Low,False
Halee Kim Burnett,HKB0418,0.1621717494822577,8.26,Low,False
Chanda Celeste Mosley,CCM0855,0.1557375569937901,9.91,Low,False
Shelley Eleanor Dawson,SED0886,0.1518795208052201,10.9,Low,False
Logan Branden Cherry,LBC0356,-0.010877475111869428,52.63,High,True
Chloe Keiko Holland,CKH0144,0.1736417660938398,5.32,Low,False
Melvin Brody Garza,MBG0438,0.16929066564463569,6.43,Low,False
Mohammad Vladimir Farrell,MVF0594,0.15575998504236788,9.9,Low,False
Alea Tana Ferrell,ATF0274,0.16500217904382725,7.53,Low,False
Kendall Thaddeus Glover,KTG0091,0.16942880414691397,6.4,Low,False
Alfonso Colin Cooley,ACC0042,0.004506256893486049,48.69,Medium,False
Arsenio Kato Wilder,AKW0167,0.17947026819801665,3.82,Low,False
Kirk Palmer Rosales,KPR0497,0.094448151608231,25.62,Medium,False
Amaya Britanni Newton,ABN0239,0.18025245735016726,3.62,Low,False
Colton Kaseem Bolton,CKB0482,0.1311399088661921,16.22,Low,False
Alfreda Morgan Holloway,AMH0464,0.15408066803697357,10.33,Low,False
Quinn Coby Hays,QCH0110,0.1780339878027672,4.19,Low,False
Sara Gail George,SGG0787,0.09870602100297249,24.53,Low,False
Sarah Imelda Juarez,SIJ0661,0.14596413293830768,12.41,Low,False
Byron Tyrone Williamson,BTW0005,-0.01873761546135211,54.65,High,True
Risa Laura Bolton,RLB0719,0.14558001269303128,12.51,Low,False
William Damian Oconnor,WDO0870,0.11236157411623915,21.03,Low,False
Kaden Chastity Briggs,KCB0815,0.16881140207042006,6.56,Low,False
Vincent Calvin Young,VCY0751,0.11311781564151058,20.84,Low,False
Brock Aladdin Joyce,BAJ0654,0.04117415393056656,39.28,Medium,False
Madonna Kristen Love,MKL0941,0.17560421126096487,4.81,Low,False
Elijah Gary Diaz,EGD0409,0.17289951167788525,5.51,Low,False
Dale Benjamin Sharpe,DBS0235,0.15367338402341674,10.44,Low,False
Jael Jennifer Hansen,JJH0613,0.027466390050380207,42.8,Medium,False
Ulric Ferdinand Knapp,UFK0208,0.1464924274444252,12.28,Low,False
Brent Laith Beck,BLB0114,0.13494837585077574,15.24,Low,False
Cheyenne Kay Dickerson,CKD0680,0.1668901464484316,7.05,Low,False
Myra Kay Greer,MKG0711,0.15089910122972244,11.15,Low,False
Edward Dean Anthony,EDA0684,0.13561169245285914,15.07,Low,False
Illana Isabelle Lamb,IIL0513,0.16488109501802534,7.56,Low,False
TaShya Savannah Mcgowan,TSM0363,0.01771476720394194,45.3,Medium,False
Price Bevis Pittman,PBP0002,0.16412882965704512,7.76,Low,False
Louis Hyatt Bruce,LHB0606,0.1453863856472597,12.56,Low,False
Guy Tad Daniel,GTD0898,0.17735285020251956,4.37,Low,False
Calvin Jarrod Hood,CJH0702,0.16013811621904656,8.78,Low,False
Desirae Mari Koch,DMK0257,0.10413514719710643,23.14,Low,False
Willow Iliana Quinn,WIQ0567,0.04277309613757041,38.87,Medium,False
Peter Tad Hartman,PTH0830,0.15274011948190575,10.68,Low,False
Nicholas Cade Owen,NCO0666,0.15525598621186493,10.03,Low,False
Maxwell Hammett Green,MHG0733,0.16379493012541324,7.84,Low,False
Robert Ali Webb,RAW0915,0.08782567751704562,27.32,Medium,False
Hillary Ainsley Mccormick,HAM0985,0.16376334817852217,7.85,Low,False
Serina Ariana Butler,SAB0781,0.12382981914905417,18.09,Low,False
Ira Benjamin Mays,IBM0671,0.12004636984754463,19.06,Low,False
Yasir Dexter Nelson,YDN0198,0.1262741438775301,17.46,Low,False
Grace Alma Fry,GAF0060,0.15669905184412053,9.66,Low,False
Alec Mannix Mcneil,AMM0014,0.09025443185002013,26.7,Medium,False
Aquila Mark Vega,AMV0036,0.15334658474707474,10.52,Low,False
Merritt Oliver Phelps,MOP0763,0.17381365855232273,5.27,Low,False
Callum Brendan Gonzalez,CBG0490,0.14117995343718565,13.64,Low,False
Cameron Noel Elliott,CNE0352,0.11570595059129801,20.17,Low,False
Gil Quincy Potter,GQP0743,0.12109083685599886,18.79,Low,False
Philip Travis Hartman,PTH0552,0.17232973363408177,5.65,Low,False
Garrison Levi Rollins,GLR0975,0.15003545169864696,11.37,Low,False
Gareth Thomas Dickson,GTD0219,-0.011421639484293311,52.77,High,True
Blossom Keiko Weiss,BKW0374,0.016787237614331207,45.54,Medium,False
Constance Audrey Hicks,CAH0936,0.10112801400711458,23.91,Low,False
Althea Ina Palmer,AIP0982,0.05516141992058643,35.7,Medium,False
Kennedy Robert Vega,KRV0372,0.008861616931796656,47.57,Medium,False
Ivor Amir Tucker,IAT0263,0.1636115633000393,7.89,Low,False
Jocelyn Brenna Daniels,JBD0616,0.002498845896588664,49.2,Medium,False
Roary Ursa Massey,RUM0880,0.048895155492931996,37.3,Medium,False
Declan Gareth Mclaughlin,DGM0754,0.12894862139637897,16.78,Low,False
Savannah Marcia Yang,SMY0792,0.11769511697262924,19.66,Low,False
Harrison Oscar Burke,HOB0994,0.17898245925115508,3.95,Low,False
Donovan Garth Nieves,DGN0480,0.15477679222130275,10.15,Low,False
Kirk Jakeem Joyce,KJJ0293,0.11961177547664004,19.17,Low,False
Justin Xerxes Hansen,JXH0493,0.16474059153822873,7.6,Low,False
Peter Gil Harrington,PGH0184,0.17017127199135162,6.21,Low,False
Josiah Preston Wall,JPW0741,0.15962329745316267,8.91,Low,False
Nichole Melodie Gilbert,NMG0766,0.16985178621799502,6.29,Low,False
Heidi Mia Wilson,HMW0713,0.16767674696451473,6.85,Low,False
Malik Adrian Hebert,MAH0864,0.15471799354776866,10.17,Low,False
Quentin Nolan Fitzpatrick,QNF0205,0.19017634963535163,1.08,Low,False
Keane Kennan Watts,KKW0879,-0.0024008741304951675,50.46,High,True
Thaddeus Emery Martin,TEM0093,0.16048859682905992,8.69,Low,False
Reuben Victor Freeman,RVF0201,0.1316256900640025,16.09,Low,False
Tobias Martin Ashley,TMA0069,0.17875331063904043,4.01,Low,False
Vernon Finn Mcgee,VFM0814,0.12387626256473089,18.08,Low,False
Salvador Byron Norton,SBN0866,0.027496003659919888,42.79,Medium,False
Zenaida Justine England,ZJE0857,0.1449209978433424,12.68,Low,False
Hasad Paki Mcfadden,HPM0986,0.16818240113318572,6.72,Low,False
Cody Jonathan Potter,CJP0952,0.15240730125831287,10.76,Low,False
Dante Raja Roberts,DRR0162,0.1214872871459573,18.69,Low,False
Evelyn Sarah Reilly,ESR0693,0.12042715176518409,18.96,Low,False
Colt Walter Reynolds,CWR0502,0.08128987844400654,29.0,Medium,False
Summer Leilani Boyer,SLB0049,0.08920662422941322,26.97,Medium,False
Ira Dustin Oneill,IDO0176,0.15527900810442907,10.03,Low,False
Alfonso Gage Blankenship,AGB0186,0.15332808604513848,10.53,Low,False
Roary Jane Barrett,RJB0088,0.16706204972670974,7.0,Low,False
Oren Curran Brady,OCB0805,0.172627782846427,5.58,Low,False
Elton Tyler Richard,ETR0428,0.14428977664660592,12.84,Low,False
Ivana Kaitlin Parsons,IKP0472,0.07008471552883416,31.87,Medium,False
Leo Hasad Byrd,LHB0967,0.15493829334316095,10.11,Low,False
Chester Caldwell Mendoza,CCM0467,0.16939037139626684,6.41,Low,False
Gage Kaden Odonnell,GKO0078,0.03967763115134748,39.67,Medium,False
Garrett Nicholas Solomon,GNS0178,0.08464058931892299,28.14,Medium,False
Sybill Sage Shaw,SSS0345,0.1657433632136044,7.34,Low,False
Lane Oleg Mclaughlin,LOM0086,0.09950917947295401,24.33,Low,False
Simone Scarlet Rose,SSR0278,0.14552239514176535,12.53,Low,False
Adena Lisandra Hardin,ALH0402,0.17470809225769868,5.04,Low,False
Anastasia Kylan Kaufman,AKK0329,0.14766495741506724,11.98,Low,False
Eugenia Whilemina Harrington,EWH0191,0.13128776893471006,16.18,Low,False
Todd Vance Spears,TVS0050,0.07567167742222514,30.44,Medium,False
Troy Uriah Conway,TUC0632,0.16309790018386683,8.02,Low,False
Sonia Karly Goodwin,SKG0759,0.16479244344151117,7.59,Low,False
Isabella Marah Graham,IMG0320,0.13358565623361118,15.59,Low,False
Blair Bruno Grimes,BBG0325,0.07883124458802876,29.63,Medium,False
Chanda Tamekah William,CTW0500,0.13077957222417275,16.31,Low,False
Sonya Beatrice Nichols,SBN0495,0.1335914544517458,15.59,Low,False
Emerald Lysandra Hodges,ELH0960,0.16272952130808094,8.12,Low,False
Brynn Madeline Sherman,BMS0877,0.11859815251973677,19.43,Low,False
Thomas Shad Guthrie,TSG0906,0.16161803366072403,8.4,Low,False
Rebecca Kelsie Daugherty,RKD0604,0.11373241145505991,20.68,Low,False
Jakeem Magee Knight,JMK0099,0.12097495009059844,18.82,Low,False
Macon Kyle Pope,MKP0861,0.13132470085318004,16.17,Low,False
Honorato Ivan Wall,HIW0536,0.14505723104171153,12.65,Low,False
Cherokee Tashya Ramirez,CTR0697,0.1622122228695932,8.25,Low,False
Blaine Helen Cervantes,BHC0665,0.12586819328019405,17.57,Low,False
Dominic Calvin Hewitt,DCH0843,0.1133087502122006,20.79,Low,False
Wade Ira Frazier,WIF0691,-0.022117463580623387,55.51,High,True
Hanae Wendy Meyer,HWM0342,0.16225473935032575,8.24,Low,False
Mufutau Nehru Contreras,MNC0717,0.14247620841042352,13.31,Low,False
Abel Reese Boone,ARB0881,0.15992393563721774,8.83,Low,False
Azalia Halee Cantu,AHC0142,0.15246262594389087,10.75,Low,False
Zenia Freya Macias,ZFM0468,0.17372146757708506,5.3,Low,False
Delilah Iliana Wilkinson,DIW0118,0.08507095123632019,28.03,Medium,False
Upton Sebastian Holt,USH0199,0.12399042858539133,18.05,Low,False
Mallory Alexis Daniel,MAD0753,0.14828221682897252,11.82,Low,False
Kim Dara Sullivan,KDS0349,0.1527663497694503,10.67,Low,False
Laith Jason Britt,LJB0826,0.16859935264139114,6.61,Low,False
Farrah Kim Keith,FKK0055,0.07240794236216541,31.28,Medium,False
Tara Alma Potts,TAP0551,0.12844938724298793,16.91,Low,False
Fletcher Perry Cantu,FPC0954,0.149703132626548,11.46,Low,False
Galena Britanney Merritt,GBM0603,0.15638551309971765,9.74,Low,False
Casey Xerxes Conrad,CXC0336,0.1682532431096065,6.7,Low,False
Hakeem Mason Mccall,HMM0108,0.10102337629397573,23.94,Low,False
Fritz Dale Ellison,FDE0117,0.16359366754649102,7.89,Low,False
Fatima Ulla Mcclure,FUM0015,0.05866701813120223,34.8,Medium,False
Nelle April Bowen,NAB0801,0.17442588205474163,5.12,Low,False
Geoffrey Jin Tucker,GJT0386,0.1692693251896718,6.44,Low,False
Kathleen Aline Chan,KAC0124,0.17941020251179912,3.84,Low,False
Raymond Gray Hyde,RGH0728,0.1615680498786236,8.41,Low,False
Charde Cynthia Rasmussen,CCR0863,0.14377803865018396,12.97,Low,False
Tiger Tucker Dawson,TTD1000,0.18429074402422818,2.59,Low,False
Oleg Kane Britt,OKB0439,0.18022906699395325,3.63,Low,False
Xander Aaron Acevedo,XAA0104,0.115762525650498,20.16,Low,False
Reuben Fulton Pugh,RFP0380,0.18889415823383254,1.41,Low,False
Josiah Thaddeus Stewart,JTS0389,0.12071704060764415,18.89,Low,False
Cameran Madonna Shepard,CMS0454,0.1637394735513305,7.86,Low,False
Jaden Kylan Buckley,JKB0126,0.18207638402446336,3.15,Low,False
Lillith Adena Matthews,LAM0911,0.1323192224760435,15.91,Low,False
Grady Craig Coffey,GCC0744,0.15605069203068445,9.83,Low,False
Colin Lawrence Holder,CLH0703,0.16450813513581752,7.66,Low,False
Keely Mollie Weiss,KMW0545,0.12911523787979406,16.73,Low,False
Piper Sasha Fuentes,PSF0133,0.07710188123556128,30.07,Medium,False
Nathaniel Hunter Heath,NHH0185,0.175914457255413,4.73,Low,False
Nehru Cyrus Everett,NCE0097,0.15678540814421327,9.64,Low,False
Camilla Camille Leach,CCL0068,0.09240432655226577,26.15,Medium,False
Anne Jane Carey,AJC0840,0.15271037322283648,10.68,Low,False
George Cade Chen,GCC0945,0.17361828797099466,5.32,Low,False
Noah Andrew Beck,NAB0903,0.1673575446092162,6.93,Low,False
Alice Orli Stout,AOS0987,0.15504375225223216,10.09,Low,False
Jana Amanda Dorsey,JAD0609,0.10965103402335297,21.73,Low,False
Alea Maggie Whitfield,AMW0392,0.12759560988619123,17.12,Low,False
Fay Ingrid Rodriquez,FIR0920,0.14606386573025948,12.39,Low,False
Rowan Neve Parks,RNP0211,0.03943602963916404,39.73,Medium,False
Rose Hanae Yates,RHY0079,0.09424954994206414,25.67,Medium,False
Chiquita Linda Stokes,CLS0296,0.1714719183079556,5.87,Low,False
Julian Samson Allen,JSA0775,0.14810228519017088,11.87,Low,False
Rina Denise Mcgee,RDM0115,0.17779182751658723,4.25,Low,False
Joel Kennan Mccarty,JKM0303,0.15683123668568844,9.63,Low,False
Irene Jemima Meyers,IJM0139,0.16235951412683447,8.21,Low,False
September Vielka Livingston,SVL0940,0.1755159806946615,4.84,Low,False
Lacota Dahlia Good,LDG0459,0.0858502593350936,27.83,Medium,False
Raymond Otto Bond,ROB0272,0.18141792012427155,3.32,Low,False
Lamar Nissim Strickland,LNS0989,0.15013225475386682,11.35,Low,False
Charissa Nyssa Mcgee,CNM0800,0.15195485532133152,10.88,Low,False
Halla Germaine Nolan,HGN0287,0.1648125001264344,7.58,Low,False
Kay Maxine Skinner,KMS0657,0.165462767349559,7.41,Low,False
Beverly Melissa Garner,BMG0917,-0.01500985009118383,53.69,High,True
Hollee Vanna Becker,HVB0037,0.12894896239210824,16.78,Low,False
Phelan Nissim Howell,PNH0761,0.10393812023381893,23.19,Low,False
Jackson Linus Wilkerson,JLW0053,0.159740267166312,8.88,Low,False
Justine Nola Adkins,JNA0559,0.13245531246925224,15.88,Low,False
Orla Yolanda Middleton,OYM0026,0.1742003852661898,5.17,Low,False
Naida Imelda Hughes,NIH0969,0.1541875562830226,10.31,Low,False
Rogan Chandler Coffey,RCC0617,0.12934542333951543,16.68,Low,False
Grady Jordan Duran,GJD0298,0.1660854418315615,7.25,Low,False
Marcia Lillian Lynn,MLL0598,0.001422029219494969,49.48,Medium,False
Daria Samantha Mcbride,DSM0591,0.1658418637468579,7.32,Low,False
Bernard Tobias Landry,BTL0226,0.1402249342649517,13.89,Low,False
Selma Barbara Nicholson,SBN0971,0.09037780799382927,26.67,Medium,False
Camilla Claire Whitehead,CCW0524,0.18329141364293638,2.84,Low,False
Ira Wyatt Moss,IWM0816,0.1564807201860552,9.72,Low,False
John Omar Lancaster,JOL0024,0.16025625267874039,8.75,Low,False
Ella Nita Lewis,ENL0100,0.17242466932295075,5.63,Low,False
Talon Ian Ware,TIW0299,0.15782854508086253,9.37,Low,False
Zachery Samson Kerr,ZSK0258,0.19263249175426783,0.45,Low,False
Chaim Grant Fernandez,CGF0337,0.17439249801651707,5.12,Low,False
Erich Harding Bryant,EHB0420,0.10857827264728392,22.0,Low,False
Rhona Germane Nelson,RGN0408,0.15534705226171475,10.01,Low,False
Frances Hermione Owens,FHO0630,0.11730275934942519,19.76,Low,False
Jescie Kristen Jenkins,JKJ0698,0.1263656661299351,17.44,Low,False
Shana Callie Ferguson,SCF0608,0.14362979088315675,13.01,Low,False
Blythe Veda Cooke,BVC0790,0.04568875111222226,38.13,Medium,False
Noel Reagan Foster,NRF0137,0.13849178110337262,14.33,Low,False
Hashim Damon Dudley,HDD0789,0.15591539150941286,9.86,Low,False
Irma Eugenia Booker,IEB0153,0.15994294976405005,8.83,Low,False
Idola Carly Haley,ICH0294,0.08290306405099063,28.58,Medium,False
Zena Sigourney Langley,ZSL0305,0.1740065881717276,5.22,Low,False
Ann Jolie Potts,AJP0723,0.1627575341510491,8.11,Low,False
Galena Deborah Francis,GDF0704,0.14483331453179832,12.7,Low,False
Thor Jameson Diaz,TJD0996,0.1656033610929072,7.38,Low,False
Ocean Maite Summers,OMS0101,0.1648343675082754,7.58,Low,False
Bevis Christopher Mcknight,BCM0653,0.1715817933718618,5.85,Low,False
Brett Damian Beck,BDB0453,0.16770543520983305,6.84,Low,False
Nash Conan Knight,NCK0421,0.17784878475110177,4.24,Low,False
Lunea Priscilla Hardy,LPH0572,0.09888485911067474,24.49,Low,False
Meredith Florence Valdez,MFV0897,0.17141257860439363,5.89,Low,False
Myles August Heath,MAH0149,0.14388866666050998,12.95,Low,False
Ella Cassandra Rivera,ECR0822,0.16254667302562525,8.16,Low,False
Preston Odysseus Bryan,POB0343,0.1674226878313555,6.91,Low,False
Iris Rhea Terrell,IRT0491,0.1475529355199875,12.01,Low,False
Halla Kendall Irwin,HKI0171,0.11494064904235113,20.37,Low,False
Deanna Imelda Blanchard,DIB0285,0.08000393777934123,29.33,Medium,False
Imani Aubrey Ray,IAR0694,0.1078747860108954,22.18,Low,False
Cora Maisie Mclean,CMM0487,0.137454419930217,14.6,Low,False
Leslie Cassandra Colon,LCC0819,0.0845813203682686,28.15,Medium,False
Armand Gabriel Brewer,AGB0643,0.18009891049759297,3.66,Low,False
Portia Illana David,PID0426,0.13805472572905542,14.44,Low,False
Hadley Leandra May,HLM0933,0.18532586856779,2.32,Low,False
Keaton Ronan Leonard,KRL0062,0.16813481835066835,6.73,Low,False
Meghan Phoebe Macias,MPM0220,-0.13244446537694154,83.8,Critical,True
Jonah Dakota Bird,JDB0169,-0.04059841531232322,60.25,High,True
Amal Alexander Shelton,AAS0442,0.11996467045866815,19.08,Low,False
Zorita Jaime Spears,ZJS0269,0.180630074482252,3.53,Low,False
Cleo Jeanette Morales,CJM0521,0.15069703417858793,11.2,Low,False
Morgan Deborah Hoover,MDH0580,0.10246920122265224,23.57,Low,False
Jackson Rafael Sutton,JRS0362,-0.017119736614674474,54.23,High,True
Wynne Xyla Hartman,WXH0872,0.06034571732981209,34.37,Medium,False
Montana Hannah Arnold,MHA0798,0.1540313175023289,10.35,Low,False
Jane Zia Day,JZD0888,0.17366665653418384,5.31,Low,False
Hedwig Dai Duffy,HDD0806,0.1120306215515306,21.12,Low,False
Bruce Sawyer Barrera,BSB0990,0.1666943639649257,7.1,Low,False
Amy Lucy Chen,ALC0788,0.16669750449180437,7.1,Low,False
Jonas Connor Riddle,JCR0921,0.1754433675308596,4.86,Low,False
Rogan Reuben Alexander,RRA0938,0.17392121489647144,5.25,Low,False
Seth Harlan Walls,SHW0578,0.1587140017615321,9.14,Low,False
Gil Calvin Lindsay,GCL0016,0.12188582114755986,18.59,Low,False
Garrett Omar Kelly,GOK0238,0.1659916021177535,7.28,Low,False
Buckminster Connor Bush,BCB0679,0.15085622833483042,11.16,Low,False
Ivor Herrod Kaufman,IHK0841,0.1788754819867009,3.97,Low,False
Sawyer Arden Puckett,SAP0867,0.14488230730243307,12.69,Low,False
Alma Leila Duncan,ALD0529,0.17502380065861872,4.96,Low,False
Kenyon Raja Galloway,KRG0158,0.18069221959663467,3.51,Low,False
Teegan Jillian Burris,TJB0302,0.16455951124462487,7.65,Low,False
Ivan Levi Craig,ILC0838,0.17493312929767707,4.99,Low,False
Renee Ivana Hayden,RIH0777,0.17825432366351457,4.13,Low,False
Hermione Casey Witt,HCW0419,0.16986092400818464,6.29,Low,False
Demetrius Alvin Levy,DAL0673,0.12706287580790865,17.26,Low,False
Roth Mannix Simon,RMS0266,0.1762085906501945,4.66,Low,False
Kibo Dolan Turner,KDT0346,0.15069257120095325,11.2,Low,False
Kay Alexa Logan,KAL0395,0.17244731513590789,5.62,Low,False
Abdul Ralph Deleon,ARD0509,0.1683281786328542,6.68,Low,False
Blair Todd Long,BTL0722,0.13979567136177068,14.0,Low,False
Whilemina Pandora England,WPE0538,0.1686533017579649,6.6,Low,False
Candice Lunea Fischer,CLF0852,0.08583639297280105,27.83,Medium,False
Honorato Joseph Adkins,HJA0018,0.15558203828983636,9.95,Low,False
Mariko Ivana Mckee,MIM0712,0.14110962122387571,13.66,Low,False
Casey Edward Joyce,CEJ0109,0.0965725609089838,25.08,Medium,False
Jeanette Cally Whitfield,JCW0858,0.13426585163233262,15.41,Low,False
Daria Felicia Rowland,DFR0218,0.0104935672075529,47.15,Medium,False
Byron Armand Livingston,BAL0044,-0.14195836245755744,86.24,Critical,True
Ashely Sarah Shields,ASS0206,0.1504423685949956,11.27,Low,False
Isaiah Upton Buchanan,IUB0565,0.11802763371918468,19.58,Low,False
Alec Scott Goff,ASG0048,0.15307408482506452,10.59,Low,False
Tyler Eden Talley,TET0621,0.1117387517737623,21.19,Low,False
Alexander Rafael Arnold,ARA0252,0.179503675125523,3.81,Low,False
Axel Malik Rosa,AMR0318,0.09054143169053158,26.63,Medium,False
William Trevor Fuentes,WTF0387,0.18906859173823376,1.36,Low,False
Akeem Jerry Lopez,AJL0462,0.15216990702312955,10.82,Low,False
Skyler Deborah Frazier,SDF0017,0.1694212350219213,6.4,Low,False
Raven Deirdre Morrison,RDM0150,0.17772183014124066,4.27,Low,False
Hiroko Kiona Faulkner,HKF0831,0.16238458507971015,8.2,Low,False
Dustin Gage Franco,DGF0443,0.18886180626742738,1.41,Low,False
Cora Aurora Buckner,CAB0614,0.05583006407114133,35.53,Medium,False
Devin Brett Guzman,DBG0261,0.17208074448660654,5.72,Low,False
Zeph Dakota Wilkerson,ZDW0859,0.13239272461324286,15.89,Low,False
Ulric Colt Holt,UCH0519,0.16019724715236505,8.76,Low,False
Caesar Allen Cash,CAC0889,0.11061657959625532,21.48,Low,False
Ezra Hilel Dyer,EHD0584,0.114853001820096,20.39,Low,False
Oscar Laith Berger,OLB0749,0.15251576393477617,10.73,Low,False
Brock William Hunter,BWH0813,0.17864465136609065,4.03,Low,False
Dorothy Marny Goff,DMG0358,-0.015196271534339001,53.74,High,True
Magee Ashton Evans,MAE0331,0.17391156032797123,5.25,Low,False
Ainsley MacKensie Doyle,AMD0077,0.11259521363976738,20.97,Low,False
Xanthus Louis Buck,XLB0710,0.14577547997522466,12.46,Low,False
Deirdre Amaya Garcia,DAG0558,0.17477483169783614,5.03,Low,False
Whilemina Liberty Velez,WLV0566,0.1549823451247233,10.1,Low,False
Eugenia Hannah Blanchard,EHB0824,0.10465406604192401,23.01,Low,False
Fuller Baker Warner,FBW0747,0.1370740984212297,14.69,Low,False
Stuart Nicolas Cervantes,SNC0187,0.1012538517263808,23.88,Low,False
Ira Brendan Ball,IBB0359,-0.1586825363285299,90.53,Critical,True
Ramona Alma Moses,RAM0447,0.12492451070821076,17.81,Low,False
Alden Jesse Day,AJD0074,0.11177926819874617,21.18,Low,False
Megan Simone Hess,MSH0040,0.02750596694713936,42.79,Medium,False
Quyn Jolie Rosario,QJR0688,0.0955777272987624,25.33,Medium,False
Hilel Tobias Flynn,HTF0641,0.18276134983261716,2.98,Low,False
Rosalyn Daphne Tillman,RDT0424,0.13564671233782838,15.06,Low,False
Xenos Rudyard Small,XRS0633,0.16675693902372846,7.08,Low,False
Risa Lana Guthrie,RLG0856,0.0822576669030991,28.75,Medium,False
Meredith Lunea Delaney,MLD0755,0.1028986484580155,23.46,Low,False
Mariko Olga Snyder,MOS0047,-0.07137398155277619,68.14,High,True
Emerson Tyrone Rojas,ETR0177,0.15292651699953708,10.63,Low,False
Ruth Yael Burris,RYB0718,0.1488368525106346,11.68,Low,False
August Armando Evans,AAE0190,0.13919659058813477,14.15,Low,False
Nicolas Alvin Fitzpatrick,NAF0033,0.1728753803307092,5.51,Low,False
Deborah Victoria Mcclure,DVM0265,0.14108423398169734,13.67,Low,False
Jolene Frances Carey,JFC0757,0.16711904463601168,6.99,Low,False
Azalia Orli Beach,AOB0019,0.15404619975583855,10.34,Low,False
Anika Isabella Pennington,AIP0394,0.15086717927501514,11.16,Low,False
Jin Jonathan Buckley,JJB0127,0.184330583508242,2.58,Low,False
Mallory Carol Spence,MCS0035,0.15023700877556617,11.32,Low,False
Alec Boris Chase,ABC0253,0.17398616714045906,5.23,Low,False
Tasha Quail Sanchez,TQS0212,0.13190767796268027,16.02,Low,False
Roanna Sacha Monroe,RSM0277,0.10770352734023492,22.22,Low,False
Jeanette Eliana Rivera,JER0404,0.18061530420373872,3.53,Low,False
Chastity Ima Gibson,CIG0052,0.16385166867424567,7.83,Low,False
Igor Ishmael Ward,IIW0249,0.0013463971410320186,49.5,Medium,False
Hector Vance Foster,HVF0067,0.07849819985511225,29.71,Medium,False
Hayes William Wheeler,HWW0436,0.11057128848397063,21.49,Low,False
Plato Ethan Valdez,PEV0323,0.10850095246377861,22.02,Low,False
Pearl Georgia Owen,PGO0433,0.1804824532530277,3.56,Low,False
Mallory Virginia Bender,MVB0515,0.10061186116226589,24.04,Low,False
Timon Jacob Gay,TJG0582,0.15095504583454616,11.13,Low,False
Sasha Rina Huffman,SRH0155,0.13060917161205943,16.35,Low,False
Ian Jonas Morrow,IJM0444,0.10091974085452216,23.96,Low,False
Colt Ishmael Mccall,CIM0271,0.07408199103364183,30.85,Medium,False
Cameron Shay Lester,CSL0949,0.17474603282376638,5.03,Low,False
Anthony Aidan Nixon,AAN0823,0.16628619627255814,7.2,Low,False
Jonathan Gary Terry,JGT0221,0.03464545584311063,40.96,Medium,False
Adam Kendall Harrell,AKH0758,0.17507703404996938,4.95,Low,False
Harrison Samuel Gonzales,HSG0818,0.1578310668687643,9.37,Low,False
Mercedes Ina Landry,MIL0255,0.18522550581320207,2.35,Low,False
Jared Geoffrey Morin,JGM0934,0.1616932433352472,8.38,Low,False
Kermit Coby Oliver,KCO0122,0.09651241906040292,25.09,Medium,False
Scott Gary Burks,SGB0140,0.1280515749559839,17.01,Low,False
Nichole Azalia Frye,NAF0326,-0.055846649225853584,64.16,High,True
Igor Ulric Yang,IUY0279,0.16754792542162467,6.88,Low,False
Eve Isadora Mckenzie,EIM0156,0.14761047177361825,11.99,Low,False
Alan Benjamin Holder,ABH0663,0.15205476250007488,10.85,Low,False
Eagan Zephania Talley,EZT0640,0.13687276347497507,14.75,Low,False
Beatrice Alexis Kidd,BAK0964,0.16887393551255647,6.54,Low,False
Jack Carlos Cannon,JCC0225,-0.0052137517962146385,51.18,High,True
Erich Malik Wolf,EMW0105,0.1488168694182554,11.68,Low,False
Kasper Lance Huffman,KLH0596,0.12478347942954893,17.85,Low,False
Shea Jane Franks,SJF0094,0.16866752002099067,6.59,Low,False
Charity Stacey Jennings,CSJ0340,0.17134769733634508,5.91,Low,False
Rae Melissa Wilson,RMW0542,0.07556263393437729,30.47,Medium,False
Jorden Helen Pierce,JHP0583,0.046586652867724676,37.9,Medium,False
Hollee Shannon Dudley,HSD0457,0.1752711423213713,4.9,Low,False
Yasir Wade Wilcox,YWW0660,0.1591455343158084,9.03,Low,False
Prescott Giacomo Conley,PGC0066,0.17994667381474017,3.7,Low,False
Medge Serina Obrien,MSO0222,0.010371265973387112,47.18,Medium,False
Wang Dean Vasquez,WDV0573,0.12958994591771023,16.61,Low,False
Quail Rana Mclean,QRM0739,-0.051885104834987095,63.15,High,True
Alfreda Sierra Savage,ASS0517,0.16038484145584014,8.72,Low,False
Leonard Uriel Ramos,LUR0896,0.125567839783844,17.64,Low,False
Eve Shaeleigh Holman,ESH0283,0.0916937449865326,26.33,Medium,False
Whoopi Britanney Camacho,WBC0192,0.07049683791130701,31.77,Medium,False
Penelope Lysandra Hayes,PLH0715,0.1776661290492626,4.29,Low,False
Vivian Sarah Arnold,VSA0230,0.11592524676552612,20.12,Low,False
Kermit Jonas Gould,KJG0910,0.17081929044318422,6.04,Low,False
Deborah Barbara White,DBW0483,0.14128660834520274,13.61,Low,False
Kyla Blythe Carter,KBC0054,0.18306320442288687,2.9,Low,False
Cathleen Samantha Craig,CSC0217,0.07610770233740038,30.33,Medium,False
Burke Rooney Stafford,BRS0734,0.07313810182429897,31.09,Medium,False
Keane Nicholas Blevins,KNB0022,0.1755341354160297,4.83,Low,False
Paula Isabelle Santiago,PIS0522,0.14261609859858504,13.27,Low,False
Aretha Dorothy Deleon,ADD0846,0.16326872067139925,7.98,Low,False
Martin Armand Douglas,MAD0496,0.14420413975183005,12.87,Low,False
Nicholas Kato Pennington,NKP0236,0.14380630123108407,12.97,Low,False
Valentine Lucian Benjamin,VLB0647,0.15844508071429497,9.21,Low,False
Dai Keely Bullock,DKB0631,0.16755973477946623,6.88,Low,False
Kylie Elizabeth Santos,KES0729,0.11783334003221463,19.63,Low,False
Isadora Buffy Brewer,IBB0696,0.07412138360920106,30.84,Medium,False
Bethany Lydia Lyons,BLL0929,0.14053691089674863,13.81,Low,False
Allegra Bree Coffey,ABC0174,0.08089766373232155,29.1,Medium,False
Hector Abraham Hayes,HAH0248,0.19085976883868927,0.9,Low,False
Nyssa Britanney Carver,NBC0412,0.16048895152294324,8.69,Low,False
Cade Rajah Patterson,CRP0456,0.17975941502534987,3.75,Low,False
Josephine Indira Garza,JIG0128,0.18047167723604363,3.57,Low,False
Ivor Jelani Robbins,IJR0825,0.17203742246442044,5.73,Low,False
Xander Walter Doyle,XWD0923,0.03804136736594621,40.09,Medium,False
Leslie Denise Dillon,LDD0560,0.12635194564522012,17.44,Low,False
Elaine Sonya Hughes,ESH0135,0.17746317772751086,4.34,Low,False
Risa Hillary Obrien,RHO0732,0.051795020934067626,36.56,Medium,False
Dennis Gray Wilson,DGW0752,0.0805183772611599,29.2,Medium,False
Hillary Piper Riddle,HPR0585,0.14726900273978094,12.08,Low,False
Teagan Briar Townsend,TBT0461,0.1689997903350668,6.51,Low,False
Sonia Anne Kirkland,SAK0375,-0.005816081555508279,51.33,High,True
Blaze Jakeem Hahn,BJH0811,0.13479071996689518,15.28,Low,False
Thomas Vladimir Stokes,TVS0006,-0.031468706010165604,57.91,High,True
Frances Alisa Wiggins,FAW0032,0.157170038443589,9.54,Low,False
Wanda Samantha Rogers,WSR0241,0.1603844058293355,8.72,Low,False
Lilah Renee Wagner,LRW0970,0.158718114300836,9.14,Low,False
Zachary Myles Cardenas,ZMC0284,0.1837329853054332,2.73,Low,False
Samantha Audrey Curtis,SAC0687,0.16711848335162655,6.99,Low,False
Cathleen Kelsey Burke,CKB0427,0.18621281589132482,2.09,Low,False
Blaze Trevor Stone,BTS0011,0.1270430057931849,17.27,Low,False
Ingrid Irene Atkins,IIA0092,0.18417100700539535,2.62,Low,False
Wesley Kasper Duffy,WKD0013,0.11960887133940884,19.17,Low,False
Jaden Nicole Johnston,JNJ0556,-0.01712100063935651,54.23,High,True
Tarik Linus Hubbard,TLH0648,0.18308982049359585,2.89,Low,False
Iona Brenda Payne,IBP0883,0.12244687902034973,18.44,Low,False
William Aristotle Sampson,WAS0254,0.16428573370501204,7.72,Low,False
Quemby Nita Pollard,QNP0216,0.001741366203997452,49.4,Medium,False
Katelyn Lani Murray,KLM0639,0.17087892505612018,6.03,Low,False
Ariel Ina Barrett,AIB0948,-0.005685459862649456,51.3,High,True
Raphael Benjamin Bryan,RBB0485,0.1609293806725443,8.58,Low,False
Robert Zeus Cox,RZC0746,0.013510420522275579,46.38,Medium,False
Myles Donovan Macias,MDM0976,0.1840143384244579,2.66,Low,False
Xandra Briar Nielsen,XBN0229,0.17867921686838656,4.03,Low,False
Shaeleigh MacKenzie Harris,SMH0291,0.12131894317293918,18.73,Low,False
Mallory Charissa Dixon,MCD0125,0.11710215663890255,19.81,Low,False
Matthew Harper Glass,MHG0244,0.17653389700325994,4.58,Low,False
Robert Aristotle Stevenson,RAS0432,0.142654059190905,13.26,Low,False
Emily Illana Perry,EIP0997,0.1858828678271855,2.18,Low,False
Elvis Marshall Walton,EMW0772,0.13363715765746786,15.58,Low,False
Sasha Britanney Quinn,SBQ0786,0.13741740941320102,14.61,Low,False
Phelan Dieter Hendricks,PDH0716,0.05667737964476682,35.31,Medium,False
George Zachery Burch,GZB0469,0.16972642484547668,6.32,Low,False
Naomi Meredith Baxter,NMB0972,0.16834874834596758,6.67,Low,False
Octavia Nora Leblanc,ONL0276,0.16551271796657174,7.4,Low,False
Meghan Brianna Jensen,MBJ0312,0.03426198563292737,41.06,Medium,False
Daphne Ruby Reilly,DRR0242,0.16540437388860063,7.43,Low,False
Aurora Jael Hopkins,AJH0175,0.09094511640612962,26.52,Medium,False
Lester Quamar Pearson,LQP0508,0.1525886876970879,10.72,Low,False
Dante Vaughan Weber,DVW0103,0.18337199435729346,2.82,Low,False
Sierra Margaret Barker,SMB0804,0.17393227509268067,5.24,Low,False
Kylie Brielle Greer,KBG0549,0.10655908766075395,22.52,Low,False
Brianna Aretha Hopper,BAH0875,0.12752085449448064,17.14,Low,False
Shelby Lila Turner,SLT0907,0.1487926430734578,11.69,Low,False
Joseph Alan Vaughan,JAV0361,0.011240465337524763,46.96,Medium,False
Claire Olivia Martin,COM0321,0.1478222617318644,11.94,Low,False
Chaim Chadwick Chang,CCC0393,0.18133779816444773,3.34,Low,False
Quintessa Shana Vance,QSV0778,0.1733392435055916,5.39,Low,False
Britanni Marah Cash,BMC0547,0.1811759491508778,3.39,Low,False
Akeem William Mayer,AWM0764,0.17180812911874188,5.79,Low,False
Felicia Xantha Farley,FXF0957,0.16967836269438874,6.33,Low,False
Sylvia Velma Sweet,SVS0871,0.09900393291152565,24.46,Low,False
Dexter Jamal Simon,DJS0682,0.1783804446826241,4.1,Low,False
Nigel Harrison Estrada,NHE0919,0.16253252596880502,8.17,Low,False
Meredith Pamela Tanner,MPT0376,0.09908361392163079,24.44,Low,False
Akeem Quamar Davenport,AQD0820,0.17657784356632827,4.56,Low,False
Yardley Ezra Vang,YEV0793,0.17845142596994285,4.08,Low,False
Zane Cadman Fields,ZCF0590,0.1749555571954265,4.98,Low,False
Kevyn Quin Charles,KQC0708,0.15993684003337638,8.83,Low,False
Lavinia Justine Richmond,LJR0523,0.1083583098303133,22.06,Low,False
Caldwell Quamar Head,CQH0701,0.10146969329658884,23.82,Low,False
Patricia Denise Wright,PDW0259,0.15515504749254028,10.06,Low,False
Fitzgerald Wayne Miranda,FWM0707,0.16555538209949267,7.39,Low,False
Hayes Drake Stephenson,HDS0367,-0.14706921634886883,87.55,Critical,True
Jeremy Rooney Henderson,JRH0455,0.0922192335914217,26.2,Medium,False
Stephanie Eliana Rasmussen,SER0165,0.15971938120928114,8.89,Low,False
Sandra Beverly Diaz,SBD0913,0.1410589248944904,13.67,Low,False
Jerry Kennan Fischer,JKF0465,0.1280738509370668,17.0,Low,False
Carl Ferdinand Wong,CFW0264,0.13795829998599868,14.47,Low,False
Basia Nevada Riggs,BNR0965,0.1468058055555126,12.2,Low,False
Alice Sierra Valenzuela,ASV0946,0.15018294128909904,11.33,Low,False
Kasimir Nehru Galloway,KNG0672,0.17870515480723104,4.02,Low,False
Nola Nerea Ayala,NNA0610,0.14405874019320664,12.9,Low,False
Kane Quinlan Stevenson,KQS0415,0.17621300450923955,4.66,Low,False
Merrill Hiram Hess,MHH0180,0.15431138083408913,10.27,Low,False
Eric Gray Duncan,EGD0132,0.0707739692619816,31.69,Medium,False
Vladimir Thomas Todd,VTT0385,0.0058450042047336614,48.34,Medium,False
Anastasia Sage Griffith,ASG0692,0.1878610246798087,1.67,Low,False
William Price Robles,WPR0368,-0.02476024856951664,56.19,High,True
Hu Akeem Vincent,HAV0121,0.17469004245091607,5.05,Low,False
Hayley Carolyn Cunningham,HCC0344,0.1535809972696076,10.46,Low,False
Ursa Britanney Frederick,UBF0645,0.18656595370427115,2.0,Low,False
Todd Scott Roth,TSR0676,0.12205770797286364,18.54,Low,False
Nathan Kenneth Hicks,NKH0979,0.13359531875857134,15.59,Low,False
Sigourney Xandra Maddox,SXM0895,0.15982094540440744,8.86,Low,False
Kenyon Chancellor Sharpe,KCS0173,0.07107520757067337,31.62,Medium,False
Cyrus Connor Atkinson,CCA0046,-0.06483242265648048,66.47,High,True
Priscilla Martha Vinson,PMV0850,0.0912498182411523,26.44,Medium,False
Preston Kennan Burns,PKB0281,0.17459594562673264,5.07,Low,False
Martin Ivan Cooper,MIC0726,0.1556884612071311,9.92,Low,False
Samson Denton Oconnor,SDO0170,0.13053226504101173,16.37,Low,False
Vincent Avram Aguirre,VAA0087,0.15760633980020372,9.43,Low,False
Emmanuel Lawrence Briggs,ELB0847,0.1404678896840677,13.82,Low,False
Sharon Britanni Kerr,SBK0161,0.05889230930582434,34.74,Medium,False
Axel Seth Lewis,ASL0378,0.16561879158555898,7.37,Low,False
Tobias Lucas Morin,TLM0797,0.17197197685071675,5.75,Low,False
Steel Orson Fields,SOF0808,0.18642580529766162,2.04,Low,False
Sybill Grace Mckay,SGM0021,0.0671996892462502,32.61,Medium,False
Mark Yardley Dunlap,MYD0978,0.14589787463998627,12.43,Low,False
Francis Brian Armstrong,FBA0348,0.16067279086093988,8.64,Low,False
August Ronan Lucas,ARL0034,0.1700212537045006,6.25,Low,False
Yoshio Joseph Farmer,YJF0532,0.1395853473252751,14.05,Low,False
Rogan Judah Mcintyre,RJM0381,0.15701058053382722,9.58,Low,False
Vernon Samuel Sawyer,VSS0154,0.08720476114531472,27.48,Medium,False
Jonah Merritt Wilder,JMW0638,0.1791952023487906,3.89,Low,False
Ivor Kenneth Rollins,IKR0401,0.11776693655453768,19.64,Low,False
Eden Merrill Stokes,EMS0317,0.13428762065803884,15.41,Low,False
Finn Tucker Medina,FTM0406,0.12424439740724391,17.98,Low,False
Raphael Aristotle Ray,RAR0725,0.08529783091545146,27.97,Medium,False
Medge Nichole Sims,MNS0224,-0.0021115918700730374,50.38,High,True
Winter Veda Burks,WVB0539,0.15082723289794187,11.17,Low,False
Steel Solomon Garrison,SSG0250,0.17528727168565217,4.9,Low,False
Madison Lydia Morrison,MLM0950,0.037594154401027646,40.2,Medium,False
Harper Price Harris,HPH0075,-0.1061396770868972,77.06,Critical,True
Veda Martina Jacobson,VMJ0546,0.07713023393817908,30.06,Medium,False
Nevada Leilani Ortega,NLO0131,0.1602721720482535,8.75,Low,False
Patricia Emily Salazar,PES0085,0.147003758223608,12.15,Low,False
Otto Hedley Chase,OHC0973,0.16616700826125785,7.23,Low,False
Noble Merrill Fuller,NMF0780,0.17996994953554007,3.69,Low,False
Leo Elmo Monroe,LEM0605,0.1366902456422714,14.79,Low,False
Bruce Eden Clemons,BEC0505,0.14977958768924254,11.44,Low,False
Oliver Logan Fowler,OLF0504,0.15011870432672458,11.35,Low,False
Kirestin Vanna Sykes,KVS0425,0.18407004087303652,2.64,Low,False
Arthur Jacob Raymond,AJR0319,0.05447457599696737,35.87,Medium,False
Diana Lillian Solis,DLS0383,0.13381734226606773,15.53,Low,False
Bruno Carter Robles,BCR0581,0.13745657427058022,14.6,Low,False
Lani Dai Beard,LDB0090,0.1705471402960016,6.11,Low,False
Gwendolyn Amaya Ferrell,GAF0570,0.15377210564288468,10.41,Low,False
Noah Nathan Shaffer,NNS0059,0.16065204099996672,8.65,Low,False
Joy Rosalyn Leblanc,JRL0574,0.142004430548842,13.43,Low,False
Natalie Sheila Santiago,NSS0876,0.1558084662635213,9.89,Low,False
Slade Orson Burch,SOB0586,0.17663720399156657,4.55,Low,False
Dane Davis Atkins,DDA0476,0.14481628124813573,12.71,Low,False
Dakota Edward Brady,DEB0782,0.16809636056667165,6.74,Low,False
Owen Len Wheeler,OLW0689,0.09391766738197938,25.76,Medium,False
MacKensie Mara Grant,MMG0943,0.15659493915906514,9.69,Low,False
Reece Nicolas Lopez,RNL0695,0.1598002543453324,8.87,Low,False
Lacey Nomlanga Rasmussen,LNR0656,0.16107279937339364,8.54,Low,False
Albert Mohammad Joseph,AMJ0297,0.1552542836592058,10.03,Low,False
Hedwig Regina Livingston,HRL0540,0.007828366740250448,47.83,Medium,False
Dean Lester Figueroa,DLF0377,0.1920721234036361,0.59,Low,False
Madonna Veronica Hardy,MVH0373,0.11654247487791564,19.96,Low,False
Tad Patrick Hardin,TPH0474,0.16540737700399621,7.43,Low,False
Kendall Ciaran Frank,KCF0045,0.015573629302541359,45.85,Medium,False
Bryar Ivana Sweet,BIS0247,0.13303035293265353,15.73,Low,False
Mona Susan Shannon,MSS0001,0.014053425707813982,46.24,Medium,False
Edward Finn Stokes,EFS0882,0.17791063361210152,4.22,Low,False
Noelani Wynter Kennedy,NWK0215,0.06276281041046966,33.75,Medium,False
Philip Nathan Logan,PNL0301,0.07651382342059337,30.22,Medium,False
Colin Stuart Holloway,CSH0626,0.08777907538704666,27.33,Medium,False
Beau Hall Watts,BHW0458,0.18379558719265776,2.71,Low,False
Sonya Samantha Hahn,SSH0799,0.1439875388518818,12.92,Low,False
Astra Nicole Maldonado,ANM0123,0.08918910495021903,26.97,Medium,False
Carla Amelia Shannon,CAS0507,0.015589624040665773,45.84,Medium,False
Denise Ifeoma Doyle,DID0650,0.15217535173417668,10.82,Low,False
Kirby Amity Tyson,KAT0270,0.1616486533638853,8.39,Low,False
Tara Echo Myers,TEM0977,0.1676663376077187,6.85,Low,False
Salvador Herman Raymond,SHR0334,0.17383831732890387,5.27,Low,False
Jenna Darrel Charles,JDC0030,0.033051560036636896,41.37,Medium,False
Colt Kendall Perez,CKP0721,0.17023487774589058,6.19,Low,False
Herman Ian Abbott,HIA0414,0.19354827439015548,0.21,Low,False
Hakeem Stephen Peck,HSP0290,0.17633109732064184,4.63,Low,False
Howard Raphael Weiss,HRW0550,0.19404334370174375,0.09,Low,False
Kaye Brianna Blair,KBB0189,0.1658199908115076,7.32,Low,False
Cain Byron Baldwin,CBB0365,-0.006015303588781773,51.38,High,True
Diana Leigh Hays,DLH0029,0.1825742044000917,3.03,Low,False
Nora Regina Oconnor,NRO0768,0.17042247551823297,6.14,Low,False
Nehru Wyatt Tate,NWT0098,0.12240261006514846,18.46,Low,False
Quincy Preston Moses,QPM0727,0.16469310196351522,7.61,Low,False
Kessie Vielka Trevino,KVT0028,0.17144189985844394,5.88,Low,False
Lamar Francis Scott,LFS0071,0.16067741666440194,8.64,Low,False
Wing Noah Bonner,WNB0908,0.16663294660686467,7.11,Low,False
Patience Audrey Douglas,PAD0773,0.08089854574394867,29.1,Medium,False
Bert Jason Henderson,BJH0354,0.15493039294665606,10.11,Low,False
Oscar Nolan Wooten,ONW0083,0.18861756871113228,1.48,Low,False
Sarah Susan Jarvis,SSJ0784,0.1217844283037417,18.61,Low,False
Kyla Jocelyn Porter,KJP0371,0.014041192967758298,46.24,Medium,False
Isabelle Maggie Benjamin,IMB0481,0.11895701726278829,19.34,Low,False
Britanney Quail Snyder,BQS0525,0.0670845916109567,32.64,Medium,False
Beck Troy Richards,BTR0403,0.10285375281582676,23.47,Low,False
Declan Lester Moss,DLM0051,-0.13223173509037145,83.75,Critical,True
Addison Hiram Morrow,AHM0410,0.0784902260907896,29.72,Medium,False
Carter Harrison Maldonado,CHM0821,0.071045469598495,31.62,Medium,False
Jocelyn Bree Mccray,JBM0350,0.121185537425396,18.77,Low,False
Joseph Raja Gaines,JRG0207,0.1399795870171257,13.95,Low,False
Prescott Laith Harding,PLH0862,0.1628582393987621,8.08,Low,False
Reed Chaim Perkins,RCP0785,0.17284311307728223,5.52,Low,False
Neve Sarah Crane,NSC0597,0.1426682047658081,13.26,Low,False
Ayanna Vivian Murray,AVM0947,-0.08127402810070405,70.68,High,True
Molly Sacha Zimmerman,MSZ0310,0.15044373328914762,11.27,Low,False
Stewart Dale Berger,SDB0106,0.15586714423460152,9.87,Low,False
Hakeem Arden Curry,HAC0282,0.18273383197521498,2.99,Low,False
Hadley Sonya Bowen,HSB0196,-0.10244130460285505,76.11,Critical,True
Ayanna Sylvia Blankenship,ASB0796,0.17540501091231214,4.86,Low,False
Wynter Rose Mercer,WRM0963,0.12070368657247127,18.89,Low,False
Brianna Rebecca Mcintyre,BRM0995,0.01306671814484106,46.49,Medium,False
Sebastian Elliott Sexton,SES0477,0.11025812317516309,21.57,Low,False
Jerry Tad Mccall,JTM0223,0.051010773476240834,36.76,Medium,False
Ria Neve Flores,RNF0765,0.1674884325496514,6.89,Low,False
Graiden Nehru Zimmerman,GNZ0953,0.16641476787633736,7.17,Low,False
Hadassah Riley Baker,HRB0351,0.0013878108843585757,49.49,Medium,False
Zia Shelley Blankenship,ZSB0649,0.17419577323562602,5.17,Low,False
Axel Donovan Compton,ADC0391,0.14578176352455652,12.46,Low,False
Penelope Montana Colon,PMC0328,0.08487934546138609,28.08,Medium,False
Idola Lana Jarvis,ILJ0526,0.08793888240251096,27.29,Medium,False
Amaya Noelle Terrell,ANT0430,0.1364815204824374,14.85,Low,False
Dean Flynn Hines,DFH0188,0.04594644590429797,38.06,Medium,False
Lee Lacey Velez,LLV0602,0.15591357796102923,9.86,Low,False
Grace Charde Roth,GCR0554,0.16809022606102775,6.74,Low,False
Samson Jeremy Ortega,SJO0209,0.07275734461503697,31.19,Medium,False
Nadine Gay Cross,NGC0058,0.10188322706728759,23.72,Low,False
Yolanda Idona Crosby,YIC0195,0.12502593188671624,17.78,Low,False
Eden Deborah Ball,EDB0714,0.09297068921640417,26.0,Medium,False
Lacota Hilda Lindsey,LHL0309,0.1481169186872014,11.86,Low,False
Heather Fredericka Baird,HFB0347,0.10957407981267858,21.75,Low,False
Elton Jonas Williamson,EJW0884,0.1838257451232273,2.71,Low,False
Cathleen Risa Oneal,CRO0027,0.15378609746095862,10.41,Low,False
Halee Keiko Rhodes,HKR0628,0.08999641711608969,26.77,Medium,False
Grant Tyrone Doyle,GTD0116,0.15344523595372672,10.5,Low,False
Daryl Skyler Brock,DSB0731,0.15112847302765137,11.09,Low,False
Clio Ocean Faulkner,COF0120,0.14075512839239346,13.75,Low,False
Hope Dawn Jensen,HDJ0446,0.16064320297684026,8.65,Low,False
Cedric Herrod Gilliam,CHG0146,0.14536209419293344,12.57,Low,False
Aline Iris Hurst,AIH0675,0.18615782632459704,2.11,Low,False
Troy Nicolas Molina,TNM0961,0.08580892191934042,27.84,Medium,False
Aaron Porter Gutierrez,APG0307,0.16644579796599573,7.16,Low,False
Roth Hu Conner,RHC0335,0.16128996167771642,8.48,Low,False
Chastity Quyn Wilkerson,CQW0652,0.07050326944343022,31.76,Medium,False
Honorato John Sloan,HJS0072,0.08816799088936389,27.23,Medium,False
Xerxes Howard Wilcox,XHW0498,0.09737535958592186,24.87,Low,False
Isadora Jael Waters,IJW0851,0.12323881623861593,18.24,Low,False
Nigel Addison Rios,NAR0981,0.14105722597436465,13.67,Low,False
Nero Uriel Little,NUL0471,0.16107047469788327,8.54,Low,False
Drew Ivan Beck,DIB0081,0.09298128158984842,26.0,Medium,False
Brenden Samuel Shaffer,BSS0369,-0.12300451450576988,81.38,Critical,True
Margaret Illana Burch,MIB0904,0.16697665068521478,7.03,Low,False
Athena Amelia Foreman,AAF0535,0.09727392092499387,24.9,Low,False
Hayden Bernard Benson,HBB0056,0.1860570633475797,2.13,Low,False
Melodie Chantale Joyce,MCJ0324,0.15480174080772152,10.15,Low,False
Hashim Damon Hebert,HDH0928,0.0947642020646321,25.54,Medium,False
Holly Xerxes Lara,HXL0968,0.08249378147552527,28.69,Medium,False
Macaulay Otto Hopkins,MOH0273,-0.04539085628344697,61.48,High,True
Keiko Naida Webb,KNW0644,0.16629962136917836,7.2,Low,False
Cullen Gary Adams,CGA0629,0.15407387216317692,10.33,Low,False
Nell Mari Schneider,NMS0280,0.1266166346286537,17.38,Low,False
Tad Harlan Duncan,THD0448,0.17969740038171683,3.76,Low,False
Scarlet Pearl Ashley,SPA0141,0.13039448927036573,16.41,Low,False
Lenore Piper Cardenas,LPC0492,0.14704432736678447,12.14,Low,False
Benjamin Tyrone Norman,BTN0061,0.1451491467754173,12.62,Low,False
Hanae Gay Hogan,HGH0595,0.17374814582477893,5.29,Low,False
Brielle Aubrey Marks,BAM0611,0.1373753001086051,14.62,Low,False
Kessie Kay Cooper,KKC0683,0.17040602394777743,6.15,Low,False
Buckminster Benjamin Swanson,BBS0422,0.10664019207597925,22.5,Low,False
Hedy Delilah Lopez,HDL0748,0.137901520072986,14.48,Low,False
Nissim Rafael Delacruz,NRD0548,0.17641742743043198,4.61,Low,False
Donovan Carlos Chapman,DCC0160,0.11857555435519407,19.44,Low,False
Minerva Emerald Solomon,MES0407,0.15208141264646124,10.85,Low,False
Leonard Malachi Floyd,LMF0980,0.13176637195096708,16.05,Low,False
Barry Martin Mason,BMM0112,0.18255431951590623,3.03,Low,False
Leila Tallulah Steele,LTS0860,0.15166722831139245,10.95,Low,False
Armand Odysseus Key,AOK0844,0.07203140278658349,31.37,Medium,False
Eaton Samuel Jennings,ESJ0670,0.05924545906524892,34.65,Medium,False
Aladdin Abraham Foley,AAF0791,0.13495399110465334,15.24,Low,False
Kirby Ruby Lyons,KRL0501,0.0884502928247099,27.16,Medium,False
Serina Amena Chavez,SAC0592,0.15769005739161818,9.41,Low,False
Uriel Charles Solomon,UCS0227,0.17895363930217134,3.95,Low,False
Jared Cameron Rosa,JCR0770,0.1750315560194005,4.96,Low,False
Ivy Charissa Solis,ICS0956,0.1478690631701466,11.93,Low,False
Macy Karleigh Winters,MKW0441,0.08722881744528571,27.48,Medium,False
Tana Sonya Moody,TSM0927,0.17116408300871194,5.95,Low,False
Octavius Judah Kirby,OJK0233,0.18225794871981482,3.11,Low,False
Stephanie Mary Whitehead,SMW0084,0.17632880282371155,4.63,Low,False
Barclay Eaton Hensley,BEH0615,0.062326838240941596,33.86,Medium,False
Ariana Doris Frazier,ADF0397,0.15836715039331906,9.23,Low,False
Nicolas James Cantu,NJC0705,0.1795459251341745,3.8,Low,False
Bertha Yetta Parrish,BYP0070,0.1672212209469462,6.96,Low,False
Jane Maite Dotson,JMD0520,0.0814453650619627,28.96,Medium,False
Lucas Ahmed Ferrell,LAF0991,0.1663425206569527,7.19,Low,False
Kay Brynne Spears,KBS0874,0.12873278068856264,16.83,Low,False
Genevieve Hyacinth Head,GHH0288,0.05835775278437516,34.88,Medium,False
Timothy Arthur Carroll,TAC0300,0.15398945598549285,10.36,Low,False
Jaquelyn Angelica Jimenez,JAJ0849,0.13068839152635292,16.33,Low,False
Nevada Odette Bass,NOB0181,0.05932667772552236,34.63,Medium,False
Daquan Tucker Pugh,DTP0379,0.15605246144535623,9.83,Low,False
Colorado Joel Merrill,CJM0138,0.14476403654729675,12.72,Low,False
Fallon Harriet Shelton,FHS0837,0.16376931361807728,7.85,Low,False
Chelsea Aspen Allen,CAA0612,0.08314436918619988,28.52,Medium,False
Echo Leandra Torres,ELT0769,0.17867931356847538,4.03,Low,False
Katell Jasmine Wiggins,KJW0416,0.1703551150379058,6.16,Low,False
Cairo Theodore Robles,CTR0341,0.10300332266986079,23.43,Low,False
Dolan Igor Cortez,DIC0988,0.17727459147865415,4.39,Low,False
Jane Justina Hunt,JJH0292,0.15997063158182756,8.82,Low,False
Mira Jamalia Snow,MJS0890,0.14594652402236818,12.42,Low,False
Tarik Odysseus Rivera,TOR0193,0.15010326554007025,11.35,Low,False
Sophia Cora Battle,SCB0534,0.18043549176966556,3.57,Low,False
Maxwell Dante Hutchinson,MDH0686,0.09589374346781077,25.25,Medium,False
Jonathan Orlando Marsh,JOM0750,0.15672761538811214,9.65,Low,False
Burke Randall Burnett,BRB0355,0.058293050288134474,34.89,Medium,False
Macon Joseph Morrison,MJM0510,0.1397455836398785,14.01,Low,False
Kibo Josiah Murray,KJM0887,0.15905089169862502,9.06,Low,False
Courtney Brynn Garrett,CBG0398,0.1662040274427089,7.22,Low,False
Raya Regan Church,RRC0553,0.09962957857767374,24.3,Low,False
Tara Dai Stevenson,TDS0984,0.04520884638724554,38.25,Medium,False
Libby Rosalyn Richard,LRR0148,0.03374734975655702,41.19,Medium,False
Amelia Rhoda Burgess,ARB0834,0.14373720057802403,12.99,Low,False
Kareem Porter Collins,KPC0073,0.12305197554569053,18.29,Low,False
Charde Lareina Barrett,CLB0774,-0.026148132399492652,56.55,High,True
Valentine Elton Britt,VEB0935,0.17999637654654804,3.69,Low,False
Macey Christen Turner,MCT0720,0.14587792231347968,12.44,Low,False
Jameson Damian Franco,JDF0593,-0.03018837302341648,57.58,High,True
Callum Jasper Gilmore,CJG0470,0.16325091268193487,7.98,Low,False
Riley Ginger Guy,RGG0064,0.13412350527294103,15.45,Low,False
Bethany Xerxes Johnson,BXJ0010,0.11837417397988009,19.49,Low,False
William Beau Callahan,WBC0315,0.1519970472214301,10.87,Low,False
Claudia Galena Baldwin,CGB0637,0.05968800030675281,34.54,Medium,False
Chadwick Armand Nunez,CAN0842,0.1824776625879706,3.05,Low,False
Hyatt Trevor Hayes,HTH0007,0.05092624059770934,36.78,Medium,False
Bell Jorden Martinez,BJM0111,-0.05331781356483822,63.51,High,True
Meredith Ainsley Wolf,MAW0166,0.1481134785870319,11.86,Low,False
Preston Plato Fischer,PPF0435,0.13610794483013572,14.94,Low,False
Samuel Eden James,SEJ0677,0.16299221275255998,8.05,Low,False
Alden Caesar Velez,ACV0812,0.13236583193550155,15.9,Low,False
Kane Walter Eaton,KWE0082,0.09618704349425522,25.18,Medium,False
Edan Ciaran Larson,ECL0930,0.16917549668872894,6.46,Low,False
Randall Hashim Palmer,RHP0484,0.13702524370450603,14.71,Low,False
Brenda Alika Matthews,BAM0636,0.1403948868003967,13.84,Low,False
Dale Dorian Mercado,DDM0579,0.17513179424956887,4.93,Low,False
Ursula Idona Richard,UIR0043,-0.00438915813698415,50.97,High,True
Jaquelyn Cassandra Roberson,JCR0172,0.06199680602953411,33.95,Medium,False
Aquila Tanner Ellison,ATE0869,-0.05037562615287894,62.76,High,True
Isadora Blaine Shepherd,IBS0836,0.0701710371403203,31.85,Medium,False
Dylan Tiger Terry,DTT0076,0.12077153967206522,18.87,Low,False
Price Rashad Mullen,PRM0740,0.1464614003307153,12.29,Low,False
Florence Gloria Whitney,FGW0853,0.11225845650519573,21.06,Low,False
Judith Shaeleigh Hayden,JSH0330,0.17164140708856412,5.83,Low,False
Ferris Stone Bender,FSB0399,0.16185782917837443,8.34,Low,False
