user_id,date,login_count,logout_count,after_hours_logon,weekend_logon,unique_pcs,avg_login_hour,device_connect_count,device_disconnect_count,after_hours_device,weekend_device,file_activity_count,unique_files,sensitive_file_activity,after_hours_file,weekend_file,http_request_count,unique_domains,after_hours_http,weekend_http,suspicious_domain_count,email_count,attachment_count,recipient_count,avg_email_size,after_hours_email,weekend_email,is_malicious_label
AAE0190,2026-01-01,1,1,1,0,1,8.266666666666667,0,0,0,0,8,8,0,0,0,52,1,0,0,0,10,2,10,0.4291534423828125,0,0,0
AAE0190,2026-01-02,1,1,0,0,1,8.6,0,0,0,0,6,5,0,0,0,70,1,0,0,0,7,2,7,0.4291534423828125,0,0,0
AAE0190,2026-01-05,1,1,0,0,1,9.5,1,0,0,0,16,11,0,0,0,68,1,0,0,0,8,1,8,0.4291534423828125,0,0,0
AAE0190,2026-01-06,1,1,0,0,1,9.516666666666667,0,0,0,0,12,10,0,0,0,95,1,0,0,0,11,3,11,0.4291534423828125,0,0,0
AAE0190,2026-01-07,1,1,0,0,1,9.866666666666667,0,0,0,0,10,9,0,0,0,110,1,0,0,0,12,4,12,0.4291534423828125,0,0,0
AAE0190,2026-01-08,1,1,0,0,1,9.816666666666666,0,0,0,0,6,6,0,0,0,57,1,0,0,0,10,2,10,0.4291534423828125,0,0,0
AAE0190,2026-01-09,1,1,0,0,1,9.4,0,0,0,0,16,15,0,0,0,66,1,0,0,0,11,2,11,0.4291534423828125,0,0,0
AAE0190,2026-01-12,1,1,1,0,1,8.35,0,0,0,0,13,11,0,0,0,98,1,0,0,0,8,2,8,0.4291534423828125,0,0,0
AAE0190,2026-01-13,1,1,1,0,1,8.383333333333333,0,0,0,0,10,9,0,0,0,86,1,0,0,0,11,1,11,0.4291534423828125,0,0,0
AAE0190,2026-01-14,1,1,1,0,1,8.283333333333333,0,0,0,0,19,16,0,0,0,49,1,0,0,0,12,4,12,0.4291534423828125,0,0,0
AAE0190,2026-01-15,1,1,1,0,1,8.4,0,0,0,0,17,16,0,0,0,106,1,0,0,0,8,0,8,0.4291534423828125,0,0,0
AAE0190,2026-01-16,1,1,1,0,1,8.45,0,0,0,0,10,10,0,0,0,91,1,0,0,0,8,1,8,0.4291534423828125,0,0,0
AAE0190,2026-01-19,1,1,0,0,1,9.55,0,0,0,0,17,14,0,0,0,63,1,0,0,0,4,1,4,0.4291534423828125,0,0,0
AAE0190,2026-01-20,1,1,0,0,1,8.533333333333333,0,0,0,0,13,10,0,0,0,52,1,0,0,0,11,1,11,0.4291534423828125,0,0,0
AAE0190,2026-01-21,2,1,1,0,1,16.125,1,1,1,0,64,38,18,64,0,312,2,312,0,49,44,43,44,6.688724864612926,44,0,1
AAE0190,2026-01-22,2,1,1,0,1,15.6,1,1,1,0,85,42,31,85,0,241,2,241,0,35,42,39,42,8.216358366466704,42,0,1
AAE0190,2026-01-23,2,1,1,0,1,15.75,1,1,1,0,167,53,55,167,0,395,2,395,0,65,35,30,35,5.839211600167411,35,0,1
AAE0190,2026-01-24,2,1,1,1,1,16.325,1,1,1,1,122,49,40,122,1,319,2,319,1,36,25,22,25,7.3146820068359375,25,1,1
AAE0190,2026-01-25,2,1,2,1,1,15.55,1,1,1,1,95,42,33,95,1,485,2,485,1,72,29,32,29,9.332854172279095,29,1,1
AAE0190,2026-01-26,2,1,1,0,1,15.649999999999999,1,1,1,0,89,46,29,89,0,341,2,341,0,53,32,31,32,7.422268390655518,32,0,1
AAE0190,2026-01-27,2,1,1,0,1,16.108333333333334,1,1,1,0,174,54,72,174,0,316,2,316,0,46,38,37,38,8.130073547363281,38,0,1
AAE0190,2026-01-28,2,1,1,0,1,15.5,1,1,1,0,141,49,55,141,0,233,2,233,0,28,27,24,27,6.167093912760417,27,0,1
AAE0190,2026-01-29,2,1,1,0,1,16.03333333333333,1,1,1,0,122,53,39,122,0,409,2,409,0,68,22,20,22,6.688724864612926,22,0,1
AAE0190,2026-01-30,2,1,1,0,1,15.475000000000001,1,1,1,0,91,43,37,91,0,450,2,450,0,57,31,21,31,5.426714497227823,31,0,1
USR0002,2026-01-01,1,1,0,0,1,9.4,0,0,0,0,6,6,0,0,0,119,1,0,0,0,9,0,9,0.4291534423828125,0,0,0
USR0002,2026-01-02,1,1,0,0,1,9.35,0,0,0,0,19,17,0,0,0,99,1,0,0,0,9,2,9,0.4291534423828125,0,0,0
USR0002,2026-01-05,1,1,1,0,1,8.466666666666667,0,0,0,0,5,5,0,0,0,53,1,0,0,0,12,4,12,0.4291534423828125,0,0,0
USR0002,2026-01-06,1,1,0,0,1,9.266666666666667,0,0,0,0,9,8,0,0,0,51,1,0,0,0,5,2,5,0.4291534423828125,0,0,0
USR0002,2026-01-07,1,1,0,0,1,9.483333333333333,0,0,0,0,11,10,0,0,0,81,1,0,0,0,10,3,10,0.4291534423828125,0,0,0
USR0002,2026-01-08,1,1,1,0,1,8.35,1,0,0,0,15,15,0,0,0,68,1,0,0,0,7,1,7,0.4291534423828125,0,0,0
USR0002,2026-01-09,1,1,0,0,1,8.916666666666666,0,0,0,0,10,8,0,0,0,102,1,0,0,0,5,0,5,0.4291534423828125,0,0,0
USR0002,2026-01-12,1,1,0,0,1,9.7,0,0,0,0,17,15,0,0,0,53,1,0,0,0,5,0,5,0.4291534423828125,0,0,0
USR0002,2026-01-13,1,1,0,0,1,9.333333333333334,0,0,0,0,12,11,0,0,0,53,1,0,0,0,7,2,7,0.4291534423828125,0,0,0
USR0002,2026-01-14,1,1,0,0,1,8.683333333333334,0,0,0,0,19,16,0,0,0,114,1,0,0,0,8,0,8,0.4291534423828125,0,0,0
USR0002,2026-01-15,1,1,0,0,1,9.866666666666667,0,0,0,0,6,6,0,0,0,42,1,0,0,0,4,1,4,0.4291534423828125,0,0,0
USR0002,2026-01-16,1,1,0,0,1,8.5,0,0,0,0,5,5,0,0,0,120,1,0,0,0,5,1,5,0.4291534423828125,0,0,0
USR0002,2026-01-19,1,1,0,0,1,8.7,0,0,0,0,8,7,0,0,0,58,1,0,0,0,11,2,11,0.4291534423828125,0,0,0
USR0002,2026-01-20,1,1,0,0,1,8.666666666666666,0,0,0,0,15,8,0,0,0,116,1,0,0,0,5,1,5,0.4291534423828125,0,0,0
USR0002,2026-01-21,1,1,0,0,1,8.916666666666666,0,0,0,0,17,14,0,0,0,96,1,0,0,0,10,3,10,0.4291534423828125,0,0,0
USR0002,2026-01-22,1,1,0,0,1,8.766666666666667,0,0,0,0,7,6,0,0,0,84,1,0,0,0,4,0,4,0.4291534423828125,0,0,0
USR0002,2026-01-23,1,1,1,0,1,8.45,0,0,0,0,8,8,0,0,0,74,1,0,0,0,6,2,6,0.4291534423828125,0,0,0
USR0002,2026-01-26,1,1,0,0,1,8.883333333333333,0,0,0,0,20,16,0,0,0,69,1,0,0,0,10,2,10,0.4291534423828125,0,0,0
USR0002,2026-01-27,1,1,0,0,1,9.883333333333333,0,0,0,0,10,8,0,0,0,40,1,0,0,0,4,0,4,0.4291534423828125,0,0,0
USR0002,2026-01-28,1,1,0,0,1,8.733333333333333,0,0,0,0,15,13,0,0,0,69,1,0,0,0,10,0,10,0.4291534423828125,0,0,0
USR0002,2026-01-29,1,1,1,0,1,8.483333333333333,0,0,0,0,13,11,0,0,0,44,1,0,0,0,7,1,7,0.4291534423828125,0,0,0
USR0002,2026-01-30,1,1,0,0,1,9.85,0,0,0,0,6,6,0,0,0,111,1,0,0,0,10,5,10,0.4291534423828125,0,0,0
USR0003,2026-01-01,1,1,0,0,1,8.583333333333334,0,0,0,0,13,12,0,0,0,68,1,0,0,0,8,2,8,0.4291534423828125,0,0,0
USR0003,2026-01-02,1,1,0,0,1,8.666666666666666,0,0,0,0,19,15,0,0,0,102,1,0,0,0,9,2,9,0.4291534423828125,0,0,0
USR0003,2026-01-05,1,1,0,0,1,9.7,0,0,0,0,14,13,0,0,0,112,1,0,0,0,5,2,5,0.4291534423828125,0,0,0
USR0003,2026-01-06,1,1,0,0,1,9.7,0,0,0,0,16,13,0,0,0,116,1,0,0,0,12,2,12,0.4291534423828125,0,0,0
USR0003,2026-01-07,1,1,0,0,1,8.683333333333334,0,0,0,0,5,5,0,0,0,82,1,0,0,0,12,1,12,0.4291534423828125,0,0,0
USR0003,2026-01-08,1,1,1,0,1,8.283333333333333,0,0,0,0,5,5,0,0,0,92,1,0,0,0,9,4,9,0.4291534423828125,0,0,0
USR0003,2026-01-09,1,1,0,0,1,8.766666666666667,0,0,0,0,11,11,0,0,0,71,1,0,0,0,11,3,11,0.4291534423828125,0,0,0
USR0003,2026-01-12,1,1,0,0,1,9.35,0,0,0,0,5,5,0,0,0,79,1,0,0,0,10,3,10,0.4291534423828125,0,0,0
USR0003,2026-01-13,1,1,0,0,1,9.416666666666666,0,0,0,0,20,17,0,0,0,112,1,0,0,0,11,2,11,0.4291534423828125,0,0,0
USR0003,2026-01-14,1,1,0,0,1,9.666666666666666,0,0,0,0,15,13,0,0,0,74,1,0,0,0,5,0,5,0.4291534423828125,0,0,0
USR0003,2026-01-15,1,1,0,0,1,8.783333333333333,0,0,0,0,19,15,0,0,0,40,1,0,0,0,9,1,9,0.4291534423828125,0,0,0
USR0003,2026-01-16,1,1,0,0,1,9.55,0,0,0,0,14,14,0,0,0,112,1,0,0,0,10,1,10,0.4291534423828125,0,0,0
USR0003,2026-01-19,1,1,1,0,1,8.466666666666667,0,0,0,0,14,14,0,0,0,80,1,0,0,0,11,2,11,0.4291534423828125,0,0,0
USR0003,2026-01-20,1,1,1,0,1,8.3,1,0,0,0,17,16,0,0,0,82,1,0,0,0,10,4,10,0.4291534423828125,0,0,0
USR0003,2026-01-21,1,1,0,0,1,8.883333333333333,0,0,0,0,17,11,0,0,0,57,1,0,0,0,10,1,10,0.4291534423828125,0,0,0
USR0003,2026-01-22,1,1,0,0,1,9.283333333333333,0,0,0,0,5,5,0,0,0,88,1,0,0,0,8,3,8,0.4291534423828125,0,0,0
USR0003,2026-01-23,1,1,0,0,1,9.3,0,0,0,0,5,5,0,0,0,106,1,0,0,0,9,3,9,0.4291534423828125,0,0,0
USR0003,2026-01-26,1,1,1,0,1,8.316666666666666,0,0,0,0,6,6,0,0,0,111,1,0,0,0,11,1,11,0.4291534423828125,0,0,0
USR0003,2026-01-27,1,1,0,0,1,9.466666666666667,0,0,0,0,5,5,0,0,0,118,1,0,0,0,7,1,7,0.4291534423828125,0,0,0
USR0003,2026-01-28,1,1,0,0,1,9.85,0,0,0,0,11,11,0,0,0,69,1,0,0,0,10,2,10,0.4291534423828125,0,0,0
USR0003,2026-01-29,1,1,0,0,1,9.9,0,0,0,0,16,15,0,0,0,76,1,0,0,0,6,2,6,0.4291534423828125,0,0,0
USR0003,2026-01-30,1,1,0,0,1,9.65,0,0,0,0,8,7,0,0,0,42,1,0,0,0,10,1,10,0.4291534423828125,0,0,0
USR0004,2026-01-01,1,1,0,0,1,9.45,0,0,0,0,16,14,0,0,0,54,1,0,0,0,12,3,12,0.4291534423828125,0,0,0
USR0004,2026-01-02,1,1,0,0,1,9.616666666666667,0,0,0,0,19,16,0,0,0,86,1,0,0,0,12,0,12,0.4291534423828125,0,0,0
USR0004,2026-01-05,1,1,1,0,1,8.483333333333333,0,0,0,0,6,6,0,0,0,89,1,0,0,0,6,1,6,0.4291534423828125,0,0,0
USR0004,2026-01-06,1,1,1,0,1,8.466666666666667,0,0,0,0,15,13,0,0,0,67,1,0,0,0,12,2,12,0.4291534423828125,0,0,0
USR0004,2026-01-07,1,1,1,0,1,8.483333333333333,0,0,0,0,9,9,0,0,0,106,1,0,0,0,4,0,4,0.4291534423828125,0,0,0
USR0004,2026-01-08,1,1,0,0,1,9.566666666666666,0,0,0,0,19,18,0,0,0,93,1,0,0,0,8,0,8,0.4291534423828125,0,0,0
USR0004,2026-01-09,1,1,0,0,1,8.733333333333333,0,0,0,0,13,11,0,0,0,94,1,0,0,0,8,3,8,0.4291534423828125,0,0,0
USR0004,2026-01-12,1,1,0,0,1,8.9,0,0,0,0,14,11,0,0,0,43,1,0,0,0,6,2,6,0.4291534423828125,0,0,0
USR0004,2026-01-13,1,1,0,0,1,9.533333333333333,0,0,0,0,19,15,0,0,0,61,1,0,0,0,12,1,12,0.4291534423828125,0,0,0
USR0004,2026-01-14,1,1,0,0,1,8.6,0,0,0,0,20,17,0,0,0,92,1,0,0,0,6,0,6,0.4291534423828125,0,0,0
USR0004,2026-01-15,1,1,0,0,1,8.85,0,0,0,0,9,7,0,0,0,66,1,0,0,0,8,0,8,0.4291534423828125,0,0,0
USR0004,2026-01-16,1,1,0,0,1,9.833333333333334,0,0,0,0,20,16,0,0,0,108,1,0,0,0,4,2,4,0.4291534423828125,0,0,0
USR0004,2026-01-19,1,1,1,0,1,8.433333333333334,0,0,0,0,13,7,0,0,0,88,1,0,0,0,10,3,10,0.4291534423828125,0,0,0
USR0004,2026-01-20,1,1,0,0,1,9.916666666666666,1,0,0,0,15,14,0,0,0,96,1,0,0,0,10,2,10,0.4291534423828125,0,0,0
USR0004,2026-01-21,1,1,0,0,1,8.633333333333333,0,0,0,0,20,18,0,0,0,56,1,0,0,0,10,1,10,0.4291534423828125,0,0,0
USR0004,2026-01-22,1,1,0,0,1,9.583333333333334,0,0,0,0,13,10,0,0,0,61,1,0,0,0,8,1,8,0.4291534423828125,0,0,0
USR0004,2026-01-23,1,1,0,0,1,9.85,0,0,0,0,11,8,0,0,0,86,1,0,0,0,5,0,5,0.4291534423828125,0,0,0
USR0004,2026-01-26,1,1,0,0,1,9.716666666666667,1,0,0,0,17,15,0,0,0,104,1,0,0,0,9,2,9,0.4291534423828125,0,0,0
USR0004,2026-01-27,1,1,0,0,1,9.883333333333333,0,0,0,0,12,11,0,0,0,73,1,0,0,0,10,1,10,0.4291534423828125,0,0,0
USR0004,2026-01-28,1,1,0,0,1,9.85,0,0,0,0,19,19,0,0,0,54,1,0,0,0,4,0,4,0.4291534423828125,0,0,0
USR0004,2026-01-29,1,1,0,0,1,8.866666666666667,0,0,0,0,10,9,0,0,0,40,1,0,0,0,6,1,6,0.4291534423828125,0,0,0
USR0004,2026-01-30,1,1,0,0,1,8.55,0,0,0,0,10,10,0,0,0,79,1,0,0,0,10,1,10,0.4291534423828125,0,0,0
USR0005,2026-01-01,1,1,1,0,1,8.3,1,0,0,0,13,11,0,0,0,45,1,0,0,0,7,1,7,0.4291534423828125,0,0,0
USR0005,2026-01-02,1,1,1,0,1,8.466666666666667,0,0,0,0,15,13,0,0,0,99,1,0,0,0,7,2,7,0.4291534423828125,0,0,0
USR0005,2026-01-05,1,1,0,0,1,8.583333333333334,0,0,0,0,15,15,0,0,0,101,1,0,0,0,6,0,6,0.4291534423828125,0,0,0
USR0005,2026-01-06,1,1,0,0,1,9.616666666666667,0,0,0,0,17,13,0,0,0,105,1,0,0,0,12,4,12,0.4291534423828125,0,0,0
USR0005,2026-01-07,1,1,0,0,1,8.616666666666667,0,0,0,0,14,13,0,0,0,55,1,0,0,0,12,1,12,0.4291534423828125,0,0,0
USR0005,2026-01-08,1,1,1,0,1,8.25,0,0,0,0,12,12,0,0,0,54,1,0,0,0,6,2,6,0.4291534423828125,0,0,0
USR0005,2026-01-09,1,1,0,0,1,8.6,0,0,0,0,17,16,0,0,0,71,1,0,0,0,4,1,4,0.4291534423828125,0,0,0
USR0005,2026-01-12,1,1,0,0,1,9.65,0,0,0,0,5,5,0,0,0,91,1,0,0,0,5,3,5,0.4291534423828125,0,0,0
USR0005,2026-01-13,1,1,0,0,1,9.333333333333334,0,0,0,0,11,10,0,0,0,81,1,0,0,0,4,0,4,0.4291534423828125,0,0,0
USR0005,2026-01-14,1,1,0,0,1,8.5,0,0,0,0,19,13,0,0,0,93,1,0,0,0,8,2,8,0.4291534423828125,0,0,0
USR0005,2026-01-15,1,1,1,0,1,8.35,0,0,0,0,14,12,0,0,0,76,1,0,0,0,7,0,7,0.4291534423828125,0,0,0
USR0005,2026-01-16,1,1,0,0,1,9.466666666666667,0,0,0,0,16,14,0,0,0,119,1,0,0,0,8,3,8,0.4291534423828125,0,0,0
USR0005,2026-01-19,1,1,0,0,1,9.666666666666666,0,0,0,0,18,14,0,0,0,45,1,0,0,0,8,3,8,0.4291534423828125,0,0,0
USR0005,2026-01-20,1,1,0,0,1,9.733333333333333,0,0,0,0,12,12,0,0,0,68,1,0,0,0,5,1,5,0.4291534423828125,0,0,0
USR0005,2026-01-21,1,1,0,0,1,9.6,0,0,0,0,13,11,0,0,0,49,1,0,0,0,4,1,4,0.4291534423828125,0,0,0
USR0005,2026-01-22,1,1,1,0,1,8.366666666666667,0,0,0,0,5,5,0,0,0,43,1,0,0,0,8,1,8,0.4291534423828125,0,0,0
USR0005,2026-01-23,1,1,0,0,1,9.25,0,0,0,0,15,12,0,0,0,74,1,0,0,0,5,2,5,0.4291534423828125,0,0,0
USR0005,2026-01-26,1,1,0,0,1,9.333333333333334,0,0,0,0,6,6,0,0,0,89,1,0,0,0,10,2,10,0.4291534423828125,0,0,0
USR0005,2026-01-27,1,1,1,0,1,8.283333333333333,0,0,0,0,11,9,0,0,0,97,1,0,0,0,4,0,4,0.4291534423828125,0,0,0
USR0005,2026-01-28,1,1,0,0,1,9.9,0,0,0,0,18,16,0,0,0,52,1,0,0,0,4,0,4,0.4291534423828125,0,0,0
USR0005,2026-01-29,1,1,0,0,1,9.783333333333333,1,0,0,0,5,4,0,0,0,116,1,0,0,0,9,1,9,0.4291534423828125,0,0,0
USR0005,2026-01-30,1,1,0,0,1,9.566666666666666,0,0,0,0,16,14,0,0,0,104,1,0,0,0,10,1,10,0.4291534423828125,0,0,0
USR0006,2026-01-01,1,1,0,0,1,9.45,0,0,0,0,17,14,0,0,0,110,1,0,0,0,12,1,12,0.4291534423828125,0,0,0
USR0006,2026-01-02,1,1,1,0,1,8.466666666666667,0,0,0,0,6,5,0,0,0,59,1,0,0,0,7,1,7,0.4291534423828125,0,0,0
USR0006,2026-01-05,1,1,0,0,1,8.866666666666667,0,0,0,0,13,12,0,0,0,80,1,0,0,0,12,1,12,0.4291534423828125,0,0,0
USR0006,2026-01-06,1,1,1,0,1,8.35,0,0,0,0,17,17,0,0,0,61,1,0,0,0,4,1,4,0.4291534423828125,0,0,0
USR0006,2026-01-07,1,1,0,0,1,9.783333333333333,0,0,0,0,5,5,0,0,0,107,1,0,0,0,11,0,11,0.4291534423828125,0,0,0
USR0006,2026-01-08,1,1,1,0,1,8.416666666666666,0,0,0,0,12,11,0,0,0,93,1,0,0,0,6,1,6,0.4291534423828125,0,0,0
USR0006,2026-01-09,1,1,1,0,1,8.416666666666666,1,0,0,0,10,10,0,0,0,78,1,0,0,0,9,1,9,0.4291534423828125,0,0,0
USR0006,2026-01-12,1,1,0,0,1,9.533333333333333,0,0,0,0,15,13,0,0,0,112,1,0,0,0,9,0,9,0.4291534423828125,0,0,0
USR0006,2026-01-13,1,1,0,0,1,9.7,0,0,0,0,9,9,0,0,0,103,1,0,0,0,12,3,12,0.4291534423828125,0,0,0
USR0006,2026-01-14,1,1,1,0,1,8.283333333333333,0,0,0,0,17,15,0,0,0,59,1,0,0,0,10,3,10,0.4291534423828125,0,0,0
USR0006,2026-01-15,1,1,0,0,1,9.3,0,0,0,0,8,8,0,0,0,116,1,0,0,0,5,1,5,0.4291534423828125,0,0,0
USR0006,2026-01-16,1,1,1,0,1,8.466666666666667,0,0,0,0,19,16,0,0,0,99,1,0,0,0,5,2,5,0.4291534423828125,0,0,0
USR0006,2026-01-19,1,1,1,0,1,8.383333333333333,0,0,0,0,5,5,0,0,0,117,1,0,0,0,6,0,6,0.4291534423828125,0,0,0
USR0006,2026-01-20,1,1,0,0,1,8.85,0,0,0,0,18,16,0,0,0,115,1,0,0,0,9,4,9,0.4291534423828125,0,0,0
USR0006,2026-01-21,1,1,0,0,1,8.5,0,0,0,0,10,10,0,0,0,71,1,0,0,0,11,1,11,0.4291534423828125,0,0,0
USR0006,2026-01-22,1,1,0,0,1,8.85,1,0,0,0,19,15,0,0,0,104,1,0,0,0,5,2,5,0.4291534423828125,0,0,0
USR0006,2026-01-23,1,1,0,0,1,9.683333333333334,0,0,0,0,12,12,0,0,0,101,1,0,0,0,11,1,11,0.4291534423828125,0,0,0
USR0006,2026-01-26,1,1,0,0,1,9.333333333333334,0,0,0,0,9,8,0,0,0,113,1,0,0,0,12,4,12,0.4291534423828125,0,0,0
USR0006,2026-01-27,1,1,0,0,1,9.7,0,0,0,0,14,12,0,0,0,51,1,0,0,0,10,4,10,0.4291534423828125,0,0,0
USR0006,2026-01-28,1,1,0,0,1,9.816666666666666,0,0,0,0,9,9,0,0,0,114,1,0,0,0,5,1,5,0.4291534423828125,0,0,0
USR0006,2026-01-29,1,1,0,0,1,9.916666666666666,0,0,0,0,5,5,0,0,0,53,1,0,0,0,11,1,11,0.4291534423828125,0,0,0
USR0006,2026-01-30,1,1,0,0,1,8.6,1,0,0,0,5,5,0,0,0,90,1,0,0,0,5,0,5,0.4291534423828125,0,0,0
USR0007,2026-01-01,1,1,0,0,1,9.433333333333334,0,0,0,0,13,11,0,0,0,52,1,0,0,0,10,3,10,0.4291534423828125,0,0,0
USR0007,2026-01-02,1,1,0,0,1,9.616666666666667,0,0,0,0,9,8,0,0,0,57,1,0,0,0,4,0,4,0.4291534423828125,0,0,0
USR0007,2026-01-05,1,1,0,0,1,8.883333333333333,0,0,0,0,17,15,0,0,0,63,1,0,0,0,10,1,10,0.4291534423828125,0,0,0
USR0007,2026-01-06,1,1,1,0,1,8.45,0,0,0,0,18,16,0,0,0,86,1,0,0,0,4,0,4,0.4291534423828125,0,0,0
USR0007,2026-01-07,1,1,0,0,1,9.916666666666666,0,0,0,0,10,9,0,0,0,91,1,0,0,0,8,1,8,0.4291534423828125,0,0,0
USR0007,2026-01-08,1,1,0,0,1,9.766666666666667,0,0,0,0,13,10,0,0,0,47,1,0,0,0,11,1,11,0.4291534423828125,0,0,0
USR0007,2026-01-09,1,1,0,0,1,9.6,0,0,0,0,10,10,0,0,0,57,1,0,0,0,7,0,7,0.4291534423828125,0,0,0
USR0007,2026-01-12,1,1,0,0,1,8.816666666666666,0,0,0,0,13,11,0,0,0,63,1,0,0,0,12,3,12,0.4291534423828125,0,0,0
USR0007,2026-01-13,1,1,0,0,1,9.6,0,0,0,0,11,10,0,0,0,101,1,0,0,0,12,2,12,0.4291534423828125,0,0,0
USR0007,2026-01-14,1,1,0,0,1,8.65,0,0,0,0,14,13,0,0,0,86,1,0,0,0,12,1,12,0.4291534423828125,0,0,0
USR0007,2026-01-15,1,1,1,0,1,8.433333333333334,0,0,0,0,17,15,0,0,0,55,1,0,0,0,9,0,9,0.4291534423828125,0,0,0
USR0007,2026-01-16,1,1,1,0,1,8.433333333333334,0,0,0,0,9,9,0,0,0,120,1,0,0,0,5,2,5,0.4291534423828125,0,0,0
USR0007,2026-01-19,1,1,0,0,1,8.733333333333333,0,0,0,0,18,15,0,0,0,55,1,0,0,0,7,1,7,0.4291534423828125,0,0,0
USR0007,2026-01-20,1,1,0,0,1,8.833333333333334,0,0,0,0,12,12,0,0,0,69,1,0,0,0,4,1,4,0.4291534423828125,0,0,0
USR0007,2026-01-21,1,1,0,0,1,9.766666666666667,0,0,0,0,17,14,0,0,0,74,1,0,0,0,7,2,7,0.4291534423828125,0,0,0
USR0007,2026-01-22,1,1,0,0,1,8.7,1,0,0,0,18,13,0,0,0,43,1,0,0,0,10,1,10,0.4291534423828125,0,0,0
USR0007,2026-01-23,1,1,1,0,1,8.283333333333333,0,0,0,0,19,13,0,0,0,68,1,0,0,0,12,1,12,0.4291534423828125,0,0,0
USR0007,2026-01-26,1,1,0,0,1,8.55,0,0,0,0,15,12,0,0,0,64,1,0,0,0,9,5,9,0.4291534423828125,0,0,0
USR0007,2026-01-27,1,1,0,0,1,9.25,0,0,0,0,5,5,0,0,0,120,1,0,0,0,12,4,12,0.4291534423828125,0,0,0
USR0007,2026-01-28,1,1,0,0,1,9.6,0,0,0,0,16,14,0,0,0,51,1,0,0,0,9,3,9,0.4291534423828125,0,0,0
USR0007,2026-01-29,1,1,1,0,1,8.35,0,0,0,0,5,5,0,0,0,108,1,0,0,0,9,1,9,0.4291534423828125,0,0,0
USR0007,2026-01-30,1,1,0,0,1,9.8,0,0,0,0,18,16,0,0,0,99,1,0,0,0,9,2,9,0.4291534423828125,0,0,0
USR0008,2026-01-01,1,1,0,0,1,9.483333333333333,0,0,0,0,15,13,0,0,0,108,1,0,0,0,9,2,9,0.4291534423828125,0,0,0
USR0008,2026-01-02,1,1,0,0,1,9.716666666666667,0,0,0,0,18,14,0,0,0,52,1,0,0,0,6,2,6,0.4291534423828125,0,0,0
USR0008,2026-01-05,1,1,0,0,1,9.65,0,0,0,0,14,12,0,0,0,44,1,0,0,0,4,1,4,0.4291534423828125,0,0,0
USR0008,2026-01-06,1,1,0,0,1,8.816666666666666,0,0,0,0,6,5,0,0,0,74,1,0,0,0,8,1,8,0.4291534423828125,0,0,0
USR0008,2026-01-07,1,1,0,0,1,9.716666666666667,0,0,0,0,6,6,0,0,0,66,1,0,0,0,10,3,10,0.4291534423828125,0,0,0
USR0008,2026-01-08,1,1,1,0,1,8.466666666666667,0,0,0,0,12,10,0,0,0,91,1,0,0,0,9,1,9,0.4291534423828125,0,0,0
USR0008,2026-01-09,1,1,1,0,1,8.416666666666666,0,0,0,0,17,14,0,0,0,116,1,0,0,0,12,4,12,0.4291534423828125,0,0,0
USR0008,2026-01-12,1,1,0,0,1,8.5,0,0,0,0,8,7,0,0,0,101,1,0,0,0,4,2,4,0.4291534423828125,0,0,0
USR0008,2026-01-13,1,1,0,0,1,9.45,0,0,0,0,17,14,0,0,0,101,1,0,0,0,8,1,8,0.4291534423828125,0,0,0
USR0008,2026-01-14,1,1,0,0,1,8.666666666666666,0,0,0,0,18,16,0,0,0,59,1,0,0,0,9,3,9,0.4291534423828125,0,0,0
USR0008,2026-01-15,1,1,0,0,1,9.45,0,0,0,0,7,4,0,0,0,120,1,0,0,0,7,2,7,0.4291534423828125,0,0,0
USR0008,2026-01-16,1,1,0,0,1,8.583333333333334,0,0,0,0,6,6,0,0,0,61,1,0,0,0,6,1,6,0.4291534423828125,0,0,0
USR0008,2026-01-19,1,1,1,0,1,8.416666666666666,0,0,0,0,15,15,0,0,0,67,1,0,0,0,12,5,12,0.4291534423828125,0,0,0
USR0008,2026-01-20,1,1,1,0,1,8.35,0,0,0,0,10,10,0,0,0,66,1,0,0,0,6,2,6,0.4291534423828125,0,0,0
USR0008,2026-01-21,1,1,0,0,1,8.5,0,0,0,0,6,6,0,0,0,87,1,0,0,0,6,0,6,0.4291534423828125,0,0,0
USR0008,2026-01-22,1,1,0,0,1,8.65,0,0,0,0,5,5,0,0,0,48,1,0,0,0,7,2,7,0.4291534423828125,0,0,0
USR0008,2026-01-23,1,1,1,0,1,8.25,0,0,0,0,8,8,0,0,0,120,1,0,0,0,5,0,5,0.4291534423828125,0,0,0
USR0008,2026-01-26,1,1,0,0,1,8.783333333333333,0,0,0,0,20,16,0,0,0,89,1,0,0,0,6,1,6,0.4291534423828125,0,0,0
USR0008,2026-01-27,1,1,0,0,1,9.333333333333334,0,0,0,0,9,8,0,0,0,97,1,0,0,0,5,1,5,0.4291534423828125,0,0,0
USR0008,2026-01-28,1,1,0,0,1,8.6,0,0,0,0,10,8,0,0,0,96,1,0,0,0,12,4,12,0.4291534423828125,0,0,0
USR0008,2026-01-29,1,1,1,0,1,8.35,0,0,0,0,20,18,0,0,0,46,1,0,0,0,6,0,6,0.4291534423828125,0,0,0
USR0008,2026-01-30,1,1,0,0,1,9.866666666666667,0,0,0,0,15,13,0,0,0,91,1,0,0,0,6,1,6,0.4291534423828125,0,0,0
USR0009,2026-01-01,1,1,0,0,1,9.883333333333333,0,0,0,0,19,14,0,0,0,113,1,0,0,0,5,1,5,0.4291534423828125,0,0,0
USR0009,2026-01-02,1,1,1,0,1,8.3,0,0,0,0,17,15,0,0,0,47,1,0,0,0,6,1,6,0.4291534423828125,0,0,0
USR0009,2026-01-05,1,1,0,0,1,8.583333333333334,0,0,0,0,6,6,0,0,0,49,1,0,0,0,5,0,5,0.4291534423828125,0,0,0
USR0009,2026-01-06,1,1,0,0,1,9.883333333333333,0,0,0,0,18,16,0,0,0,54,1,0,0,0,11,3,11,0.4291534423828125,0,0,0
USR0009,2026-01-07,1,1,1,0,1,8.466666666666667,0,0,0,0,19,17,0,0,0,57,1,0,0,0,6,0,6,0.4291534423828125,0,0,0
USR0009,2026-01-08,1,1,0,0,1,8.9,0,0,0,0,5,5,0,0,0,62,1,0,0,0,9,1,9,0.4291534423828125,0,0,0
USR0009,2026-01-09,1,1,0,0,1,9.7,0,0,0,0,20,20,0,0,0,109,1,0,0,0,4,1,4,0.4291534423828125,0,0,0
USR0009,2026-01-12,1,1,0,0,1,8.8,0,0,0,0,18,16,0,0,0,102,1,0,0,0,10,2,10,0.4291534423828125,0,0,0
USR0009,2026-01-13,1,1,0,0,1,9.816666666666666,1,0,0,0,7,7,0,0,0,98,1,0,0,0,7,0,7,0.4291534423828125,0,0,0
USR0009,2026-01-14,1,1,0,0,1,9.616666666666667,0,0,0,0,15,13,0,0,0,113,1,0,0,0,10,2,10,0.4291534423828125,0,0,0
USR0009,2026-01-15,1,1,0,0,1,8.616666666666667,0,0,0,0,12,12,0,0,0,91,1,0,0,0,6,2,6,0.4291534423828125,0,0,0
USR0009,2026-01-16,1,1,0,0,1,8.883333333333333,0,0,0,0,8,8,0,0,0,52,1,0,0,0,5,2,5,0.4291534423828125,0,0,0
USR0009,2026-01-19,1,1,0,0,1,9.25,0,0,0,0,7,7,0,0,0,67,1,0,0,0,7,0,7,0.4291534423828125,0,0,0
USR0009,2026-01-20,1,1,0,0,1,8.816666666666666,0,0,0,0,17,15,0,0,0,93,1,0,0,0,5,0,5,0.4291534423828125,0,0,0
USR0009,2026-01-21,1,1,0,0,1,8.65,0,0,0,0,6,6,0,0,0,105,1,0,0,0,7,0,7,0.4291534423828125,0,0,0
USR0009,2026-01-22,1,1,0,0,1,8.75,0,0,0,0,10,9,0,0,0,50,1,0,0,0,10,1,10,0.4291534423828125,0,0,0
USR0009,2026-01-23,1,1,0,0,1,9.266666666666667,0,0,0,0,12,11,0,0,0,68,1,0,0,0,9,0,9,0.4291534423828125,0,0,0
USR0009,2026-01-26,1,1,0,0,1,9.45,0,0,0,0,7,7,0,0,0,99,1,0,0,0,8,5,8,0.4291534423828125,0,0,0
USR0009,2026-01-27,1,1,0,0,1,8.7,0,0,0,0,13,11,0,0,0,72,1,0,0,0,4,1,4,0.4291534423828125,0,0,0
USR0009,2026-01-28,1,1,1,0,1,8.35,0,0,0,0,12,11,0,0,0,79,1,0,0,0,7,2,7,0.4291534423828125,0,0,0
USR0009,2026-01-29,1,1,1,0,1,8.4,0,0,0,0,17,15,0,0,0,77,1,0,0,0,8,2,8,0.4291534423828125,0,0,0
USR0009,2026-01-30,1,1,0,0,1,8.733333333333333,0,0,0,0,10,10,0,0,0,87,1,0,0,0,6,2,6,0.4291534423828125,0,0,0
USR0010,2026-01-01,1,1,0,0,1,8.816666666666666,0,0,0,0,8,8,0,0,0,57,1,0,0,0,4,0,4,0.4291534423828125,0,0,0
USR0010,2026-01-02,1,1,1,0,1,8.466666666666667,0,0,0,0,11,11,0,0,0,77,1,0,0,0,7,0,7,0.4291534423828125,0,0,0
USR0010,2026-01-05,1,1,0,0,1,9.583333333333334,0,0,0,0,5,5,0,0,0,106,1,0,0,0,10,2,10,0.4291534423828125,0,0,0
USR0010,2026-01-06,1,1,0,0,1,9.683333333333334,0,0,0,0,15,15,0,0,0,45,1,0,0,0,10,4,10,0.4291534423828125,0,0,0
USR0010,2026-01-07,1,1,0,0,1,9.283333333333333,0,0,0,0,7,7,0,0,0,116,1,0,0,0,5,1,5,0.4291534423828125,0,0,0
USR0010,2026-01-08,1,1,0,0,1,9.416666666666666,0,0,0,0,14,12,0,0,0,44,1,0,0,0,11,3,11,0.4291534423828125,0,0,0
USR0010,2026-01-09,1,1,0,0,1,9.466666666666667,0,0,0,0,9,8,0,0,0,40,1,0,0,0,5,1,5,0.4291534423828125,0,0,0
USR0010,2026-01-12,1,1,0,0,1,9.683333333333334,0,0,0,0,7,7,0,0,0,104,1,0,0,0,8,2,8,0.4291534423828125,0,0,0
USR0010,2026-01-13,1,1,0,0,1,9.683333333333334,0,0,0,0,9,8,0,0,0,105,1,0,0,0,5,1,5,0.4291534423828125,0,0,0
USR0010,2026-01-14,1,1,1,0,1,8.483333333333333,0,0,0,0,9,9,0,0,0,78,1,0,0,0,12,2,12,0.4291534423828125,0,0,0
USR0010,2026-01-15,1,1,0,0,1,8.5,0,0,0,0,8,7,0,0,0,80,1,0,0,0,9,2,9,0.4291534423828125,0,0,0
USR0010,2026-01-16,1,1,0,0,1,8.8,0,0,0,0,11,10,0,0,0,81,1,0,0,0,6,1,6,0.4291534423828125,0,0,0
USR0010,2026-01-19,1,1,0,0,1,8.8,0,0,0,0,10,10,0,0,0,48,1,0,0,0,11,2,11,0.4291534423828125,0,0,0
USR0010,2026-01-20,1,1,0,0,1,9.883333333333333,0,0,0,0,9,8,0,0,0,72,1,0,0,0,10,1,10,0.4291534423828125,0,0,0
USR0010,2026-01-21,1,1,0,0,1,9.266666666666667,1,0,0,0,18,18,0,0,0,44,1,0,0,0,6,4,6,0.4291534423828125,0,0,0
USR0010,2026-01-22,1,1,0,0,1,9.6,0,0,0,0,7,7,0,0,0,55,1,0,0,0,8,3,8,0.4291534423828125,0,0,0
USR0010,2026-01-23,1,1,0,0,1,9.6,0,0,0,0,18,16,0,0,0,75,1,0,0,0,9,1,9,0.4291534423828125,0,0,0
USR0010,2026-01-26,1,1,0,0,1,8.5,0,0,0,0,5,5,0,0,0,54,1,0,0,0,7,0,7,0.4291534423828125,0,0,0
USR0010,2026-01-27,1,1,0,0,1,8.783333333333333,0,0,0,0,10,9,0,0,0,40,1,0,0,0,6,0,6,0.4291534423828125,0,0,0
USR0010,2026-01-28,1,1,1,0,1,8.366666666666667,0,0,0,0,8,7,0,0,0,63,1,0,0,0,12,3,12,0.4291534423828125,0,0,0
USR0010,2026-01-29,1,1,0,0,1,9.35,0,0,0,0,12,11,0,0,0,114,1,0,0,0,12,1,12,0.4291534423828125,0,0,0
USR0010,2026-01-30,1,1,0,0,1,9.533333333333333,0,0,0,0,16,15,0,0,0,54,1,0,0,0,7,2,7,0.4291534423828125,0,0,0
USR0011,2026-01-01,1,1,0,0,1,8.55,0,0,0,0,10,9,0,0,0,120,1,0,0,0,12,4,12,0.4291534423828125,0,0,0
USR0011,2026-01-02,1,1,0,0,1,9.25,0,0,0,0,13,9,0,0,0,50,1,0,0,0,5,2,5,0.4291534423828125,0,0,0
USR0011,2026-01-05,1,1,0,0,1,8.533333333333333,0,0,0,0,12,11,0,0,0,100,1,0,0,0,7,1,7,0.4291534423828125,0,0,0
USR0011,2026-01-06,1,1,0,0,1,9.833333333333334,0,0,0,0,9,8,0,0,0,111,1,0,0,0,7,2,7,0.4291534423828125,0,0,0
USR0011,2026-01-07,1,1,1,0,1,8.283333333333333,0,0,0,0,16,14,0,0,0,110,1,0,0,0,5,0,5,0.4291534423828125,0,0,0
USR0011,2026-01-08,1,1,0,0,1,9.7,0,0,0,0,16,13,0,0,0,54,1,0,0,0,5,1,5,0.4291534423828125,0,0,0
USR0011,2026-01-09,1,1,1,0,1,8.416666666666666,0,0,0,0,9,8,0,0,0,44,1,0,0,0,10,2,10,0.4291534423828125,0,0,0
USR0011,2026-01-12,1,1,0,0,1,9.883333333333333,1,0,0,0,7,7,0,0,0,53,1,0,0,0,10,3,10,0.4291534423828125,0,0,0
USR0011,2026-01-13,1,1,0,0,1,9.616666666666667,0,0,0,0,20,17,0,0,0,98,1,0,0,0,4,0,4,0.4291534423828125,0,0,0
USR0011,2026-01-14,1,1,1,0,1,8.45,0,0,0,0,8,7,0,0,0,41,1,0,0,0,6,2,6,0.4291534423828125,0,0,0
USR0011,2026-01-15,1,1,0,0,1,9.25,0,0,0,0,6,6,0,0,0,81,1,0,0,0,7,1,7,0.4291534423828125,0,0,0
USR0011,2026-01-16,1,1,0,0,1,9.8,0,0,0,0,19,14,0,0,0,114,1,0,0,0,12,3,12,0.4291534423828125,0,0,0
USR0011,2026-01-19,1,1,1,0,1,8.266666666666667,0,0,0,0,13,12,0,0,0,104,1,0,0,0,10,1,10,0.4291534423828125,0,0,0
USR0011,2026-01-20,1,1,0,0,1,9.783333333333333,0,0,0,0,7,6,0,0,0,98,1,0,0,0,5,1,5,0.4291534423828125,0,0,0
USR0011,2026-01-21,1,1,0,0,1,9.266666666666667,0,0,0,0,13,11,0,0,0,99,1,0,0,0,12,3,12,0.4291534423828125,0,0,0
USR0011,2026-01-22,1,1,0,0,1,9.85,0,0,0,0,6,6,0,0,0,72,1,0,0,0,10,3,10,0.4291534423828125,0,0,0
USR0011,2026-01-23,1,1,0,0,1,8.783333333333333,0,0,0,0,15,11,0,0,0,46,1,0,0,0,4,0,4,0.4291534423828125,0,0,0
USR0011,2026-01-26,1,1,0,0,1,9.45,0,0,0,0,7,7,0,0,0,120,1,0,0,0,4,1,4,0.4291534423828125,0,0,0
USR0011,2026-01-27,1,1,0,0,1,9.633333333333333,0,0,0,0,14,12,0,0,0,53,1,0,0,0,10,1,10,0.4291534423828125,0,0,0
USR0011,2026-01-28,1,1,0,0,1,8.7,0,0,0,0,11,10,0,0,0,107,1,0,0,0,4,1,4,0.4291534423828125,0,0,0
USR0011,2026-01-29,1,1,0,0,1,9.25,0,0,0,0,7,7,0,0,0,66,1,0,0,0,5,0,5,0.4291534423828125,0,0,0
USR0011,2026-01-30,1,1,1,0,1,8.416666666666666,0,0,0,0,9,9,0,0,0,77,1,0,0,0,4,0,4,0.4291534423828125,0,0,0
USR0012,2026-01-01,1,1,0,0,1,9.333333333333334,0,0,0,0,19,15,0,0,0,104,1,0,0,0,6,0,6,0.4291534423828125,0,0,0
USR0012,2026-01-02,1,1,1,0,1,8.383333333333333,0,0,0,0,19,13,0,0,0,40,1,0,0,0,12,1,12,0.4291534423828125,0,0,0
USR0012,2026-01-05,1,1,0,0,1,9.3,0,0,0,0,10,9,0,0,0,101,1,0,0,0,4,0,4,0.4291534423828125,0,0,0
USR0012,2026-01-06,1,1,1,0,1,8.3,0,0,0,0,13,9,0,0,0,72,1,0,0,0,7,2,7,0.4291534423828125,0,0,0
USR0012,2026-01-07,1,1,0,0,1,9.333333333333334,0,0,0,0,10,10,0,0,0,101,1,0,0,0,11,3,11,0.4291534423828125,0,0,0
USR0012,2026-01-08,1,1,1,0,1,8.466666666666667,0,0,0,0,17,14,0,0,0,69,1,0,0,0,7,2,7,0.4291534423828125,0,0,0
USR0012,2026-01-09,1,1,0,0,1,8.683333333333334,0,0,0,0,18,15,0,0,0,72,1,0,0,0,10,4,10,0.4291534423828125,0,0,0
USR0012,2026-01-12,1,1,0,0,1,9.616666666666667,0,0,0,0,9,9,0,0,0,54,1,0,0,0,10,3,10,0.4291534423828125,0,0,0
USR0012,2026-01-13,1,1,0,0,1,9.25,0,0,0,0,13,10,0,0,0,52,1,0,0,0,5,2,5,0.4291534423828125,0,0,0
USR0012,2026-01-14,1,1,0,0,1,9.766666666666667,0,0,0,0,17,14,0,0,0,84,1,0,0,0,9,4,9,0.4291534423828125,0,0,0
USR0012,2026-01-15,1,1,0,0,1,9.85,0,0,0,0,8,7,0,0,0,61,1,0,0,0,9,3,9,0.4291534423828125,0,0,0
USR0012,2026-01-16,1,1,0,0,1,8.616666666666667,0,0,0,0,15,12,0,0,0,91,1,0,0,0,4,1,4,0.4291534423828125,0,0,0
USR0012,2026-01-19,1,1,1,0,1,8.433333333333334,0,0,0,0,17,12,0,0,0,40,1,0,0,0,7,0,7,0.4291534423828125,0,0,0
USR0012,2026-01-20,1,1,0,0,1,9.866666666666667,0,0,0,0,10,9,0,0,0,62,1,0,0,0,12,5,12,0.4291534423828125,0,0,0
USR0012,2026-01-21,1,1,0,0,1,8.583333333333334,0,0,0,0,10,10,0,0,0,64,1,0,0,0,6,2,6,0.4291534423828125,0,0,0
USR0012,2026-01-22,1,1,0,0,1,9.8,0,0,0,0,9,9,0,0,0,73,1,0,0,0,12,2,12,0.4291534423828125,0,0,0
USR0012,2026-01-23,1,1,0,0,1,8.9,0,0,0,0,17,15,0,0,0,63,1,0,0,0,9,0,9,0.4291534423828125,0,0,0
USR0012,2026-01-26,1,1,1,0,1,8.35,0,0,0,0,13,13,0,0,0,51,1,0,0,0,5,2,5,0.4291534423828125,0,0,0
USR0012,2026-01-27,1,1,0,0,1,9.816666666666666,0,0,0,0,20,17,0,0,0,63,1,0,0,0,8,1,8,0.4291534423828125,0,0,0
USR0012,2026-01-28,1,1,0,0,1,8.616666666666667,0,0,0,0,14,13,0,0,0,43,1,0,0,0,9,0,9,0.4291534423828125,0,0,0
USR0012,2026-01-29,1,1,0,0,1,9.433333333333334,0,0,0,0,10,10,0,0,0,112,1,0,0,0,7,3,7,0.4291534423828125,0,0,0
USR0012,2026-01-30,1,1,0,0,1,9.816666666666666,0,0,0,0,12,10,0,0,0,97,1,0,0,0,7,1,7,0.4291534423828125,0,0,0
USR0013,2026-01-01,1,1,0,0,1,8.866666666666667,0,0,0,0,12,11,0,0,0,108,1,0,0,0,7,1,7,0.4291534423828125,0,0,0
USR0013,2026-01-02,1,1,1,0,1,8.25,0,0,0,0,9,8,0,0,0,96,1,0,0,0,12,3,12,0.4291534423828125,0,0,0
USR0013,2026-01-05,1,1,1,0,1,8.283333333333333,0,0,0,0,15,14,0,0,0,101,1,0,0,0,7,1,7,0.4291534423828125,0,0,0
USR0013,2026-01-06,1,1,0,0,1,9.45,0,0,0,0,5,5,0,0,0,40,1,0,0,0,6,2,6,0.4291534423828125,0,0,0
USR0013,2026-01-07,1,1,0,0,1,9.75,0,0,0,0,5,5,0,0,0,110,1,0,0,0,10,1,10,0.4291534423828125,0,0,0
USR0013,2026-01-08,1,1,0,0,1,9.5,0,0,0,0,7,7,0,0,0,78,1,0,0,0,9,4,9,0.4291534423828125,0,0,0
USR0013,2026-01-09,1,1,0,0,1,8.716666666666667,0,0,0,0,6,6,0,0,0,89,1,0,0,0,12,2,12,0.4291534423828125,0,0,0
USR0013,2026-01-12,1,1,0,0,1,8.8,0,0,0,0,5,5,0,0,0,43,1,0,0,0,9,2,9,0.4291534423828125,0,0,0
USR0013,2026-01-13,1,1,0,0,1,9.733333333333333,0,0,0,0,5,5,0,0,0,115,1,0,0,0,8,1,8,0.4291534423828125,0,0,0
USR0013,2026-01-14,1,1,0,0,1,9.266666666666667,0,0,0,0,13,12,0,0,0,106,1,0,0,0,4,0,4,0.4291534423828125,0,0,0
USR0013,2026-01-15,1,1,0,0,1,8.566666666666666,0,0,0,0,17,16,0,0,0,59,1,0,0,0,8,3,8,0.4291534423828125,0,0,0
USR0013,2026-01-16,1,1,0,0,1,9.733333333333333,0,0,0,0,9,8,0,0,0,64,1,0,0,0,5,1,5,0.4291534423828125,0,0,0
USR0013,2026-01-19,1,1,0,0,1,8.666666666666666,0,0,0,0,8,8,0,0,0,73,1,0,0,0,12,5,12,0.4291534423828125,0,0,0
USR0013,2026-01-20,1,1,0,0,1,8.733333333333333,0,0,0,0,10,8,0,0,0,65,1,0,0,0,11,4,11,0.4291534423828125,0,0,0
USR0013,2026-01-21,1,1,0,0,1,9.8,0,0,0,0,20,15,0,0,0,55,1,0,0,0,8,0,8,0.4291534423828125,0,0,0
USR0013,2026-01-22,1,1,0,0,1,9.9,0,0,0,0,6,6,0,0,0,44,1,0,0,0,12,1,12,0.4291534423828125,0,0,0
USR0013,2026-01-23,1,1,0,0,1,9.466666666666667,0,0,0,0,19,15,0,0,0,74,1,0,0,0,11,2,11,0.4291534423828125,0,0,0
USR0013,2026-01-26,1,1,1,0,1,8.483333333333333,0,0,0,0,14,13,0,0,0,94,1,0,0,0,5,2,5,0.4291534423828125,0,0,0
USR0013,2026-01-27,1,1,0,0,1,8.866666666666667,0,0,0,0,9,9,0,0,0,100,1,0,0,0,6,0,6,0.4291534423828125,0,0,0
USR0013,2026-01-28,1,1,1,0,1,8.35,0,0,0,0,16,15,0,0,0,56,1,0,0,0,8,4,8,0.4291534423828125,0,0,0
USR0013,2026-01-29,1,1,0,0,1,9.916666666666666,0,0,0,0,20,17,0,0,0,85,1,0,0,0,4,1,4,0.4291534423828125,0,0,0
USR0013,2026-01-30,1,1,0,0,1,8.65,0,0,0,0,6,5,0,0,0,43,1,0,0,0,4,1,4,0.4291534423828125,0,0,0
USR0014,2026-01-01,1,1,0,0,1,9.433333333333334,0,0,0,0,5,4,0,0,0,94,1,0,0,0,11,5,11,0.4291534423828125,0,0,0
USR0014,2026-01-02,1,1,1,0,1,8.483333333333333,0,0,0,0,6,5,0,0,0,95,1,0,0,0,8,3,8,0.4291534423828125,0,0,0
USR0014,2026-01-05,1,1,0,0,1,9.483333333333333,0,0,0,0,16,13,0,0,0,106,1,0,0,0,8,3,8,0.4291534423828125,0,0,0
USR0014,2026-01-06,1,1,0,0,1,8.916666666666666,0,0,0,0,8,7,0,0,0,105,1,0,0,0,11,2,11,0.4291534423828125,0,0,0
USR0014,2026-01-07,1,1,0,0,1,8.866666666666667,0,0,0,0,9,9,0,0,0,70,1,0,0,0,7,1,7,0.4291534423828125,0,0,0
USR0014,2026-01-08,1,1,0,0,1,8.733333333333333,0,0,0,0,6,6,0,0,0,44,1,0,0,0,6,0,6,0.4291534423828125,0,0,0
USR0014,2026-01-09,1,1,0,0,1,8.833333333333334,0,0,0,0,17,14,0,0,0,104,1,0,0,0,8,1,8,0.4291534423828125,0,0,0
USR0014,2026-01-12,1,1,0,0,1,8.566666666666666,0,0,0,0,5,5,0,0,0,52,1,0,0,0,9,5,9,0.4291534423828125,0,0,0
USR0014,2026-01-13,1,1,0,0,1,8.583333333333334,0,0,0,0,9,9,0,0,0,60,1,0,0,0,8,4,8,0.4291534423828125,0,0,0
USR0014,2026-01-14,1,1,0,0,1,8.883333333333333,0,0,0,0,10,8,0,0,0,52,1,0,0,0,6,0,6,0.4291534423828125,0,0,0
USR0014,2026-01-15,1,1,1,0,1,8.316666666666666,0,0,0,0,11,10,0,0,0,74,1,0,0,0,10,2,10,0.4291534423828125,0,0,0
USR0014,2026-01-16,1,1,0,0,1,8.65,0,0,0,0,14,13,0,0,0,55,1,0,0,0,12,1,12,0.4291534423828125,0,0,0
USR0014,2026-01-19,1,1,0,0,1,8.55,0,0,0,0,13,12,0,0,0,81,1,0,0,0,7,2,7,0.4291534423828125,0,0,0
USR0014,2026-01-20,1,1,0,0,1,9.483333333333333,0,0,0,0,9,9,0,0,0,86,1,0,0,0,11,4,11,0.4291534423828125,0,0,0
USR0014,2026-01-21,1,1,0,0,1,9.7,0,0,0,0,13,11,0,0,0,44,1,0,0,0,8,3,8,0.4291534423828125,0,0,0
USR0014,2026-01-22,1,1,0,0,1,9.266666666666667,0,0,0,0,13,10,0,0,0,86,1,0,0,0,5,1,5,0.4291534423828125,0,0,0
USR0014,2026-01-23,1,1,0,0,1,9.616666666666667,0,0,0,0,20,18,0,0,0,105,1,0,0,0,6,0,6,0.4291534423828125,0,0,0
USR0014,2026-01-26,1,1,0,0,1,9.916666666666666,0,0,0,0,17,15,0,0,0,105,1,0,0,0,10,0,10,0.4291534423828125,0,0,0
USR0014,2026-01-27,1,1,0,0,1,9.833333333333334,0,0,0,0,8,8,0,0,0,78,1,0,0,0,10,2,10,0.4291534423828125,0,0,0
USR0014,2026-01-28,1,1,0,0,1,8.7,0,0,0,0,19,18,0,0,0,76,1,0,0,0,12,1,12,0.4291534423828125,0,0,0
USR0014,2026-01-29,1,1,0,0,1,8.7,0,0,0,0,17,14,0,0,0,110,1,0,0,0,11,2,11,0.4291534423828125,0,0,0
USR0014,2026-01-30,1,1,1,0,1,8.25,0,0,0,0,12,10,0,0,0,109,1,0,0,0,11,4,11,0.4291534423828125,0,0,0
USR0015,2026-01-01,1,1,0,0,1,8.85,0,0,0,0,13,12,0,0,0,113,1,0,0,0,6,2,6,0.4291534423828125,0,0,0
USR0015,2026-01-02,1,1,0,0,1,8.8,0,0,0,0,19,18,0,0,0,79,1,0,0,0,10,4,10,0.4291534423828125,0,0,0
USR0015,2026-01-05,1,1,0,0,1,8.533333333333333,0,0,0,0,18,13,0,0,0,89,1,0,0,0,7,2,7,0.4291534423828125,0,0,0
USR0015,2026-01-06,1,1,0,0,1,9.733333333333333,0,0,0,0,20,16,0,0,0,69,1,0,0,0,12,3,12,0.4291534423828125,0,0,0
USR0015,2026-01-07,1,1,0,0,1,9.25,0,0,0,0,18,14,0,0,0,82,1,0,0,0,9,3,9,0.4291534423828125,0,0,0
USR0015,2026-01-08,1,1,0,0,1,8.55,0,0,0,0,5,5,0,0,0,89,1,0,0,0,10,0,10,0.4291534423828125,0,0,0
USR0015,2026-01-09,1,1,0,0,1,9.316666666666666,0,0,0,0,8,8,0,0,0,103,1,0,0,0,9,1,9,0.4291534423828125,0,0,0
USR0015,2026-01-12,1,1,0,0,1,8.533333333333333,0,0,0,0,9,7,0,0,0,115,1,0,0,0,11,1,11,0.4291534423828125,0,0,0
USR0015,2026-01-13,1,1,0,0,1,8.716666666666667,1,0,0,0,16,13,0,0,0,111,1,0,0,0,9,1,9,0.4291534423828125,0,0,0
USR0015,2026-01-14,1,1,0,0,1,9.333333333333334,0,0,0,0,6,6,0,0,0,65,1,0,0,0,7,3,7,0.4291534423828125,0,0,0
USR0015,2026-01-15,1,1,0,0,1,8.6,0,0,0,0,20,16,0,0,0,85,1,0,0,0,7,2,7,0.4291534423828125,0,0,0
USR0015,2026-01-16,1,1,0,0,1,9.816666666666666,0,0,0,0,10,10,0,0,0,76,1,0,0,0,5,1,5,0.4291534423828125,0,0,0
USR0015,2026-01-19,1,1,0,0,1,9.3,0,0,0,0,5,4,0,0,0,104,1,0,0,0,10,3,10,0.4291534423828125,0,0,0
USR0015,2026-01-20,1,1,0,0,1,9.4,0,0,0,0,13,10,0,0,0,104,1,0,0,0,12,2,12,0.4291534423828125,0,0,0
USR0015,2026-01-21,1,1,0,0,1,8.6,0,0,0,0,8,6,0,0,0,102,1,0,0,0,6,1,6,0.4291534423828125,0,0,0
USR0015,2026-01-22,1,1,0,0,1,9.683333333333334,0,0,0,0,5,5,0,0,0,77,1,0,0,0,9,2,9,0.4291534423828125,0,0,0
USR0015,2026-01-23,1,1,0,0,1,9.85,0,0,0,0,9,9,0,0,0,84,1,0,0,0,8,1,8,0.4291534423828125,0,0,0
USR0015,2026-01-26,1,1,0,0,1,8.816666666666666,0,0,0,0,6,5,0,0,0,99,1,0,0,0,7,0,7,0.4291534423828125,0,0,0
USR0015,2026-01-27,1,1,0,0,1,8.9,0,0,0,0,10,10,0,0,0,117,1,0,0,0,10,3,10,0.4291534423828125,0,0,0
USR0015,2026-01-28,1,1,1,0,1,8.266666666666667,0,0,0,0,12,10,0,0,0,118,1,0,0,0,4,0,4,0.4291534423828125,0,0,0
USR0015,2026-01-29,1,1,0,0,1,8.733333333333333,0,0,0,0,15,14,0,0,0,48,1,0,0,0,10,3,10,0.4291534423828125,0,0,0
USR0015,2026-01-30,1,1,0,0,1,8.616666666666667,0,0,0,0,5,5,0,0,0,40,1,0,0,0,7,3,7,0.4291534423828125,0,0,0
