id,date,user,pc,activity
LGN0000001,01/01/2026 08:16:47,AAE0190,PC-AAE0190-01,Logon
LGN0000002,01/01/2026 18:07:14,AAE0190,PC-AAE0190-01,Logoff
LGN0000003,01/01/2026 09:24:12,USR0002,PC-USR0002-01,Logon
LGN0000004,01/01/2026 18:06:03,USR0002,PC-USR0002-01,Logoff
LGN0000005,01/01/2026 08:35:07,USR0003,PC-USR0003-01,Logon
LGN0000006,01/01/2026 17:06:13,USR0003,PC-USR0003-01,Logoff
LGN0000007,01/01/2026 09:27:24,USR0004,PC-USR0004-01,Logon
LGN0000008,01/01/2026 18:03:15,USR0004,PC-USR0004-01,Logoff
LGN0000009,01/01/2026 08:18:09,USR0005,PC-USR0005-01,Logon
LGN0000010,01/01/2026 17:24:39,USR0005,PC-USR0005-01,Logoff
LGN0000011,01/01/2026 09:27:23,USR0006,PC-USR0006-01,Logon
LGN0000012,01/01/2026 18:14:49,USR0006,PC-USR0006-01,Logoff
LGN0000013,01/01/2026 09:26:29,USR0007,PC-USR0007-01,Logon
LGN0000014,01/01/2026 18:17:22,USR0007,PC-USR0007-01,Logoff
LGN0000015,01/01/2026 09:29:52,USR0008,PC-USR0008-01,Logon
LGN0000016,01/01/2026 18:18:38,USR0008,PC-USR0008-01,Logoff
LGN0000017,01/01/2026 09:53:24,USR0009,PC-USR0009-01,Logon
LGN0000018,01/01/2026 18:18:07,USR0009,PC-USR0009-01,Logoff
LGN0000019,01/01/2026 08:49:22,USR0010,PC-USR0010-01,Logon
LGN0000020,01/01/2026 17:14:19,USR0010,PC-USR0010-01,Logoff
LGN0000021,01/01/2026 08:33:01,USR0011,PC-USR0011-01,Logon
LGN0000022,01/01/2026 18:08:06,USR0011,PC-USR0011-01,Logoff
LGN0000023,01/01/2026 09:20:23,USR0012,PC-USR0012-01,Logon
LGN0000024,01/01/2026 18:05:07,USR0012,PC-USR0012-01,Logoff
LGN0000025,01/01/2026 08:52:31,USR0013,PC-USR0013-01,Logon
LGN0000026,01/01/2026 18:11:08,USR0013,PC-USR0013-01,Logoff
LGN0000027,01/01/2026 09:26:29,USR0014,PC-USR0014-01,Logon
LGN0000028,01/01/2026 17:22:33,USR0014,PC-USR0014-01,Logoff
LGN0000029,01/01/2026 08:51:41,USR0015,PC-USR0015-01,Logon
LGN0000030,01/01/2026 18:21:31,USR0015,PC-USR0015-01,Logoff
LGN0000031,01/01/2026 08:36:36,USR0016,PC-USR0016-01,Logon
LGN0000032,01/01/2026 17:05:55,USR0016,PC-USR0016-01,Logoff
LGN0000033,01/01/2026 09:21:29,USR0017,PC-USR0017-01,Logon
LGN0000034,01/01/2026 18:21:41,USR0017,PC-USR0017-01,Logoff
LGN0000035,01/01/2026 08:40:07,USR0018,PC-USR0018-01,Logon
LGN0000036,01/01/2026 17:25:41,USR0018,PC-USR0018-01,Logoff
LGN0000037,01/01/2026 09:37:19,USR0019,PC-USR0019-01,Logon
LGN0000038,01/01/2026 18:27:35,USR0019,PC-USR0019-01,Logoff
LGN0000039,01/01/2026 08:28:21,USR0020,PC-USR0020-01,Logon
LGN0000040,01/01/2026 18:16:51,USR0020,PC-USR0020-01,Logoff
LGN0000041,01/01/2026 08:28:55,USR0021,PC-USR0021-01,Logon
LGN0000042,01/01/2026 17:25:41,USR0021,PC-USR0021-01,Logoff
LGN0000043,01/01/2026 09:37:49,USR0022,PC-USR0022-01,Logon
LGN0000044,01/01/2026 17:24:56,USR0022,PC-USR0022-01,Logoff
LGN0000045,01/01/2026 09:43:09,USR0023,PC-USR0023-01,Logon
LGN0000046,01/01/2026 18:02:51,USR0023,PC-USR0023-01,Logoff
LGN0000047,01/01/2026 08:18:17,USR0024,PC-USR0024-01,Logon
LGN0000048,01/01/2026 18:17:28,USR0024,PC-USR0024-01,Logoff
LGN0000049,01/01/2026 08:28:14,USR0025,PC-USR0025-01,Logon
LGN0000050,01/01/2026 17:14:55,USR0025,PC-USR0025-01,Logoff
LGN0000051,01/02/2026 09:15:24,AAE0190,PC-AAE0190-01,Logon
LGN0000052,01/02/2026 17:14:14,AAE0190,PC-AAE0190-01,Logoff
LGN0000053,01/02/2026 08:23:12,USR0002,PC-USR0002-01,Logon
LGN0000054,01/02/2026 18:05:32,USR0002,PC-USR0002-01,Logoff
LGN0000055,01/02/2026 08:15:23,USR0003,PC-USR0003-01,Logon
LGN0000056,01/02/2026 17:21:50,USR0003,PC-USR0003-01,Logoff
LGN0000057,01/02/2026 08:29:21,USR0004,PC-USR0004-01,Logon
LGN0000058,01/02/2026 18:15:03,USR0004,PC-USR0004-01,Logoff
LGN0000059,01/02/2026 08:48:44,USR0005,PC-USR0005-01,Logon
LGN0000060,01/02/2026 18:15:26,USR0005,PC-USR0005-01,Logoff
LGN0000061,01/02/2026 09:30:00,USR0006,PC-USR0006-01,Logon
LGN0000062,01/02/2026 18:01:00,USR0006,PC-USR0006-01,Logoff
LGN0000063,01/02/2026 08:28:44,USR0007,PC-USR0007-01,Logon
LGN0000064,01/02/2026 17:02:31,USR0007,PC-USR0007-01,Logoff
LGN0000065,01/02/2026 09:42:25,USR0008,PC-USR0008-01,Logon
LGN0000066,01/02/2026 17:28:16,USR0008,PC-USR0008-01,Logoff
LGN0000067,01/02/2026 08:29:13,USR0009,PC-USR0009-01,Logon
LGN0000068,01/02/2026 18:05:42,USR0009,PC-USR0009-01,Logoff
LGN0000069,01/02/2026 08:35:57,USR0010,PC-USR0010-01,Logon
LGN0000070,01/02/2026 17:13:06,USR0010,PC-USR0010-01,Logoff
LGN0000071,01/02/2026 08:52:19,USR0011,PC-USR0011-01,Logon
LGN0000072,01/02/2026 18:03:58,USR0011,PC-USR0011-01,Logoff
LGN0000073,01/02/2026 08:53:07,USR0012,PC-USR0012-01,Logon
LGN0000074,01/02/2026 18:23:02,USR0012,PC-USR0012-01,Logoff
LGN0000075,01/02/2026 09:39:16,USR0013,PC-USR0013-01,Logon
LGN0000076,01/02/2026 17:00:54,USR0013,PC-USR0013-01,Logoff
LGN0000077,01/02/2026 08:35:46,USR0014,PC-USR0014-01,Logon
LGN0000078,01/02/2026 18:30:46,USR0014,PC-USR0014-01,Logoff
LGN0000079,01/02/2026 09:35:02,USR0015,PC-USR0015-01,Logon
LGN0000080,01/02/2026 17:27:15,USR0015,PC-USR0015-01,Logoff
LGN0000081,01/02/2026 08:32:01,USR0016,PC-USR0016-01,Logon
LGN0000082,01/02/2026 18:07:53,USR0016,PC-USR0016-01,Logoff
LGN0000083,01/02/2026 09:18:07,USR0017,PC-USR0017-01,Logon
LGN0000084,01/02/2026 17:13:33,USR0017,PC-USR0017-01,Logoff
LGN0000085,01/02/2026 08:17:44,USR0018,PC-USR0018-01,Logon
LGN0000086,01/02/2026 18:13:29,USR0018,PC-USR0018-01,Logoff
LGN0000087,01/02/2026 09:29:45,USR0019,PC-USR0019-01,Logon
LGN0000088,01/02/2026 17:09:23,USR0019,PC-USR0019-01,Logoff
LGN0000089,01/02/2026 08:32:06,USR0020,PC-USR0020-01,Logon
LGN0000090,01/02/2026 18:04:50,USR0020,PC-USR0020-01,Logoff
LGN0000091,01/02/2026 09:31:06,USR0021,PC-USR0021-01,Logon
LGN0000092,01/02/2026 17:17:14,USR0021,PC-USR0021-01,Logoff
LGN0000093,01/02/2026 09:16:01,USR0022,PC-USR0022-01,Logon
LGN0000094,01/02/2026 18:10:11,USR0022,PC-USR0022-01,Logoff
LGN0000095,01/02/2026 09:42:16,USR0023,PC-USR0023-01,Logon
LGN0000096,01/02/2026 18:18:12,USR0023,PC-USR0023-01,Logoff
LGN0000097,01/02/2026 08:28:38,USR0024,PC-USR0024-01,Logon
LGN0000098,01/02/2026 17:02:15,USR0024,PC-USR0024-01,Logoff
LGN0000099,01/02/2026 09:37:45,USR0025,PC-USR0025-01,Logon
LGN0000100,01/02/2026 17:06:22,USR0025,PC-USR0025-01,Logoff
LGN0000101,01/05/2026 08:21:18,AAE0190,PC-AAE0190-01,Logon
LGN0000102,01/05/2026 18:09:54,AAE0190,PC-AAE0190-01,Logoff
LGN0000103,01/05/2026 08:27:59,USR0002,PC-USR0002-01,Logon
LGN0000104,01/05/2026 17:01:18,USR0002,PC-USR0002-01,Logoff
LGN0000105,01/05/2026 08:49:11,USR0003,PC-USR0003-01,Logon
LGN0000106,01/05/2026 17:25:01,USR0003,PC-USR0003-01,Logoff
LGN0000107,01/05/2026 09:53:38,USR0004,PC-USR0004-01,Logon
LGN0000108,01/05/2026 18:07:59,USR0004,PC-USR0004-01,Logoff
LGN0000109,01/05/2026 09:41:50,USR0005,PC-USR0005-01,Logon
LGN0000110,01/05/2026 17:06:20,USR0005,PC-USR0005-01,Logoff
LGN0000111,01/05/2026 09:50:45,USR0006,PC-USR0006-01,Logon
LGN0000112,01/05/2026 18:22:18,USR0006,PC-USR0006-01,Logoff
LGN0000113,01/05/2026 08:18:16,USR0007,PC-USR0007-01,Logon
LGN0000114,01/05/2026 17:08:17,USR0007,PC-USR0007-01,Logoff
LGN0000115,01/05/2026 09:27:41,USR0008,PC-USR0008-01,Logon
LGN0000116,01/05/2026 17:27:41,USR0008,PC-USR0008-01,Logoff
LGN0000117,01/05/2026 08:55:50,USR0009,PC-USR0009-01,Logon
LGN0000118,01/05/2026 18:27:51,USR0009,PC-USR0009-01,Logoff
LGN0000119,01/05/2026 09:44:23,USR0010,PC-USR0010-01,Logon
LGN0000120,01/05/2026 17:14:54,USR0010,PC-USR0010-01,Logoff
LGN0000121,01/05/2026 09:52:39,USR0011,PC-USR0011-01,Logon
LGN0000122,01/05/2026 18:18:44,USR0011,PC-USR0011-01,Logoff
LGN0000123,01/05/2026 09:29:31,USR0012,PC-USR0012-01,Logon
LGN0000124,01/05/2026 17:07:12,USR0012,PC-USR0012-01,Logoff
LGN0000125,01/05/2026 08:41:31,USR0013,PC-USR0013-01,Logon
LGN0000126,01/05/2026 18:08:44,USR0013,PC-USR0013-01,Logoff
LGN0000127,01/05/2026 08:29:36,USR0014,PC-USR0014-01,Logon
LGN0000128,01/05/2026 18:10:17,USR0014,PC-USR0014-01,Logoff
LGN0000129,01/05/2026 08:37:43,USR0015,PC-USR0015-01,Logon
LGN0000130,01/05/2026 17:23:32,USR0015,PC-USR0015-01,Logoff
LGN0000131,01/05/2026 09:47:53,USR0016,PC-USR0016-01,Logon
LGN0000132,01/05/2026 18:19:03,USR0016,PC-USR0016-01,Logoff
LGN0000133,01/05/2026 09:55:32,USR0017,PC-USR0017-01,Logon
LGN0000134,01/05/2026 18:23:33,USR0017,PC-USR0017-01,Logoff
LGN0000135,01/05/2026 09:43:01,USR0018,PC-USR0018-01,Logon
LGN0000136,01/05/2026 18:12:13,USR0018,PC-USR0018-01,Logoff
LGN0000137,01/05/2026 08:28:20,USR0019,PC-USR0019-01,Logon
LGN0000138,01/05/2026 18:27:25,USR0019,PC-USR0019-01,Logoff
LGN0000139,01/05/2026 09:17:38,USR0020,PC-USR0020-01,Logon
LGN0000140,01/05/2026 17:01:43,USR0020,PC-USR0020-01,Logoff
LGN0000141,01/05/2026 08:17:15,USR0021,PC-USR0021-01,Logon
LGN0000142,01/05/2026 18:06:51,USR0021,PC-USR0021-01,Logoff
LGN0000143,01/05/2026 09:20:09,USR0022,PC-USR0022-01,Logon
LGN0000144,01/05/2026 17:18:25,USR0022,PC-USR0022-01,Logoff
LGN0000145,01/05/2026 09:45:34,USR0023,PC-USR0023-01,Logon
LGN0000146,01/05/2026 18:05:40,USR0023,PC-USR0023-01,Logoff
LGN0000147,01/05/2026 08:52:43,USR0024,PC-USR0024-01,Logon
LGN0000148,01/05/2026 18:29:54,USR0024,PC-USR0024-01,Logoff
LGN0000149,01/05/2026 09:15:24,USR0025,PC-USR0025-01,Logon
LGN0000150,01/05/2026 17:23:03,USR0025,PC-USR0025-01,Logoff
LGN0000151,01/06/2026 09:49:59,AAE0190,PC-AAE0190-01,Logon
LGN0000152,01/06/2026 18:27:07,AAE0190,PC-AAE0190-01,Logoff
LGN0000153,01/06/2026 08:21:29,USR0002,PC-USR0002-01,Logon
LGN0000154,01/06/2026 18:10:35,USR0002,PC-USR0002-01,Logoff
LGN0000155,01/06/2026 08:17:22,USR0003,PC-USR0003-01,Logon
LGN0000156,01/06/2026 17:21:49,USR0003,PC-USR0003-01,Logoff
LGN0000157,01/06/2026 09:34:22,USR0004,PC-USR0004-01,Logon
LGN0000158,01/06/2026 18:10:48,USR0004,PC-USR0004-01,Logoff
LGN0000159,01/06/2026 08:15:01,USR0005,PC-USR0005-01,Logon
LGN0000160,01/06/2026 18:17:14,USR0005,PC-USR0005-01,Logoff
LGN0000161,01/06/2026 08:25:47,USR0006,PC-USR0006-01,Logon
LGN0000162,01/06/2026 18:03:44,USR0006,PC-USR0006-01,Logoff
LGN0000163,01/06/2026 09:46:16,USR0007,PC-USR0007-01,Logon
LGN0000164,01/06/2026 18:30:49,USR0007,PC-USR0007-01,Logoff
LGN0000165,01/06/2026 08:28:34,USR0008,PC-USR0008-01,Logon
LGN0000166,01/06/2026 17:30:54,USR0008,PC-USR0008-01,Logoff
LGN0000167,01/06/2026 08:54:25,USR0009,PC-USR0009-01,Logon
LGN0000168,01/06/2026 18:16:38,USR0009,PC-USR0009-01,Logoff
LGN0000169,01/06/2026 09:25:15,USR0010,PC-USR0010-01,Logon
LGN0000170,01/06/2026 17:23:47,USR0010,PC-USR0010-01,Logoff
LGN0000171,01/06/2026 09:42:06,USR0011,PC-USR0011-01,Logon
LGN0000172,01/06/2026 17:24:29,USR0011,PC-USR0011-01,Logoff
LGN0000173,01/06/2026 08:28:37,USR0012,PC-USR0012-01,Logon
LGN0000174,01/06/2026 17:19:32,USR0012,PC-USR0012-01,Logoff
LGN0000175,01/06/2026 09:30:37,USR0013,PC-USR0013-01,Logon
LGN0000176,01/06/2026 18:05:24,USR0013,PC-USR0013-01,Logoff
LGN0000177,01/06/2026 08:44:27,USR0014,PC-USR0014-01,Logon
LGN0000178,01/06/2026 17:10:02,USR0014,PC-USR0014-01,Logoff
LGN0000179,01/06/2026 08:33:15,USR0015,PC-USR0015-01,Logon
LGN0000180,01/06/2026 17:24:42,USR0015,PC-USR0015-01,Logoff
LGN0000181,01/06/2026 09:24:59,USR0016,PC-USR0016-01,Logon
LGN0000182,01/06/2026 17:25:47,USR0016,PC-USR0016-01,Logoff
LGN0000183,01/06/2026 08:55:16,USR0017,PC-USR0017-01,Logon
LGN0000184,01/06/2026 17:16:29,USR0017,PC-USR0017-01,Logoff
LGN0000185,01/06/2026 08:46:32,USR0018,PC-USR0018-01,Logon
LGN0000186,01/06/2026 17:12:37,USR0018,PC-USR0018-01,Logoff
LGN0000187,01/06/2026 08:44:37,USR0019,PC-USR0019-01,Logon
LGN0000188,01/06/2026 17:28:07,USR0019,PC-USR0019-01,Logoff
LGN0000189,01/06/2026 08:36:08,USR0020,PC-USR0020-01,Logon
LGN0000190,01/06/2026 17:30:10,USR0020,PC-USR0020-01,Logoff
LGN0000191,01/06/2026 08:25:47,USR0021,PC-USR0021-01,Logon
LGN0000192,01/06/2026 18:28:18,USR0021,PC-USR0021-01,Logoff
LGN0000193,01/06/2026 09:36:45,USR0022,PC-USR0022-01,Logon
LGN0000194,01/06/2026 18:12:22,USR0022,PC-USR0022-01,Logoff
LGN0000195,01/06/2026 08:25:05,USR0023,PC-USR0023-01,Logon
LGN0000196,01/06/2026 17:17:10,USR0023,PC-USR0023-01,Logoff
LGN0000197,01/06/2026 09:42:00,USR0024,PC-USR0024-01,Logon
LGN0000198,01/06/2026 18:18:51,USR0024,PC-USR0024-01,Logoff
LGN0000199,01/06/2026 09:28:49,USR0025,PC-USR0025-01,Logon
LGN0000200,01/06/2026 18:16:33,USR0025,PC-USR0025-01,Logoff
LGN0000201,01/07/2026 08:25:54,AAE0190,PC-AAE0190-01,Logon
LGN0000202,01/07/2026 17:03:55,AAE0190,PC-AAE0190-01,Logoff
LGN0000203,01/07/2026 08:41:00,USR0002,PC-USR0002-01,Logon
LGN0000204,01/07/2026 18:16:21,USR0002,PC-USR0002-01,Logoff
LGN0000205,01/07/2026 08:43:38,USR0003,PC-USR0003-01,Logon
LGN0000206,01/07/2026 17:25:22,USR0003,PC-USR0003-01,Logoff
LGN0000207,01/07/2026 08:50:36,USR0004,PC-USR0004-01,Logon
LGN0000208,01/07/2026 18:08:49,USR0004,PC-USR0004-01,Logoff
LGN0000209,01/07/2026 09:19:07,USR0005,PC-USR0005-01,Logon
LGN0000210,01/07/2026 18:16:55,USR0005,PC-USR0005-01,Logoff
LGN0000211,01/07/2026 08:21:41,USR0006,PC-USR0006-01,Logon
LGN0000212,01/07/2026 18:05:36,USR0006,PC-USR0006-01,Logoff
LGN0000213,01/07/2026 09:42:48,USR0007,PC-USR0007-01,Logon
LGN0000214,01/07/2026 18:04:42,USR0007,PC-USR0007-01,Logoff
LGN0000215,01/07/2026 09:21:40,USR0008,PC-USR0008-01,Logon
LGN0000216,01/07/2026 17:03:37,USR0008,PC-USR0008-01,Logoff
LGN0000217,01/07/2026 08:54:30,USR0009,PC-USR0009-01,Logon
LGN0000218,01/07/2026 17:28:17,USR0009,PC-USR0009-01,Logoff
LGN0000219,01/07/2026 09:39:01,USR0010,PC-USR0010-01,Logon
LGN0000220,01/07/2026 17:18:34,USR0010,PC-USR0010-01,Logoff
LGN0000221,01/07/2026 09:32:26,USR0011,PC-USR0011-01,Logon
LGN0000222,01/07/2026 17:04:02,USR0011,PC-USR0011-01,Logoff
LGN0000223,01/07/2026 08:49:01,USR0012,PC-USR0012-01,Logon
LGN0000224,01/07/2026 17:12:37,USR0012,PC-USR0012-01,Logoff
LGN0000225,01/07/2026 08:30:34,USR0013,PC-USR0013-01,Logon
LGN0000226,01/07/2026 17:18:03,USR0013,PC-USR0013-01,Logoff
LGN0000227,01/07/2026 08:48:22,USR0014,PC-USR0014-01,Logon
LGN0000228,01/07/2026 18:19:40,USR0014,PC-USR0014-01,Logoff
LGN0000229,01/07/2026 09:41:12,USR0015,PC-USR0015-01,Logon
LGN0000230,01/07/2026 17:04:16,USR0015,PC-USR0015-01,Logoff
LGN0000231,01/07/2026 09:53:50,USR0016,PC-USR0016-01,Logon
LGN0000232,01/07/2026 18:24:46,USR0016,PC-USR0016-01,Logoff
LGN0000233,01/07/2026 09:37:24,USR0017,PC-USR0017-01,Logon
LGN0000234,01/07/2026 17:22:15,USR0017,PC-USR0017-01,Logoff
LGN0000235,01/07/2026 08:48:36,USR0018,PC-USR0018-01,Logon
LGN0000236,01/07/2026 17:11:17,USR0018,PC-USR0018-01,Logoff
LGN0000237,01/07/2026 08:34:13,USR0019,PC-USR0019-01,Logon
LGN0000238,01/07/2026 17:24:23,USR0019,PC-USR0019-01,Logoff
LGN0000239,01/07/2026 08:32:16,USR0020,PC-USR0020-01,Logon
LGN0000240,01/07/2026 18:18:52,USR0020,PC-USR0020-01,Logoff
LGN0000241,01/07/2026 08:23:15,USR0021,PC-USR0021-01,Logon
LGN0000242,01/07/2026 18:17:15,USR0021,PC-USR0021-01,Logoff
LGN0000243,01/07/2026 09:20:16,USR0022,PC-USR0022-01,Logon
LGN0000244,01/07/2026 17:21:25,USR0022,PC-USR0022-01,Logoff
LGN0000245,01/07/2026 09:25:38,USR0023,PC-USR0023-01,Logon
LGN0000246,01/07/2026 17:08:22,USR0023,PC-USR0023-01,Logoff
LGN0000247,01/07/2026 09:32:23,USR0024,PC-USR0024-01,Logon
LGN0000248,01/07/2026 17:17:03,USR0024,PC-USR0024-01,Logoff
LGN0000249,01/07/2026 09:20:59,USR0025,PC-USR0025-01,Logon
LGN0000250,01/07/2026 18:24:12,USR0025,PC-USR0025-01,Logoff
LGN0000251,01/08/2026 09:42:09,AAE0190,PC-AAE0190-01,Logon
LGN0000252,01/08/2026 18:29:48,AAE0190,PC-AAE0190-01,Logoff
LGN0000253,01/08/2026 09:36:47,USR0002,PC-USR0002-01,Logon
LGN0000254,01/08/2026 17:00:38,USR0002,PC-USR0002-01,Logoff
LGN0000255,01/08/2026 09:27:44,USR0003,PC-USR0003-01,Logon
LGN0000256,01/08/2026 18:01:03,USR0003,PC-USR0003-01,Logoff
LGN0000257,01/08/2026 09:49:05,USR0004,PC-USR0004-01,Logon
LGN0000258,01/08/2026 18:20:00,USR0004,PC-USR0004-01,Logoff
LGN0000259,01/08/2026 09:41:49,USR0005,PC-USR0005-01,Logon
LGN0000260,01/08/2026 17:07:43,USR0005,PC-USR0005-01,Logoff
LGN0000261,01/08/2026 09:37:03,USR0006,PC-USR0006-01,Logon
LGN0000262,01/08/2026 18:06:18,USR0006,PC-USR0006-01,Logoff
LGN0000263,01/08/2026 09:15:05,USR0007,PC-USR0007-01,Logon
LGN0000264,01/08/2026 18:01:45,USR0007,PC-USR0007-01,Logoff
LGN0000265,01/08/2026 09:44:43,USR0008,PC-USR0008-01,Logon
LGN0000266,01/08/2026 17:26:38,USR0008,PC-USR0008-01,Logoff
LGN0000267,01/08/2026 08:35:04,USR0009,PC-USR0009-01,Logon
LGN0000268,01/08/2026 17:12:55,USR0009,PC-USR0009-01,Logoff
LGN0000269,01/08/2026 08:43:26,USR0010,PC-USR0010-01,Logon
LGN0000270,01/08/2026 17:05:34,USR0010,PC-USR0010-01,Logoff
LGN0000271,01/08/2026 08:17:35,USR0011,PC-USR0011-01,Logon
LGN0000272,01/08/2026 17:24:26,USR0011,PC-USR0011-01,Logoff
LGN0000273,01/08/2026 08:41:22,USR0012,PC-USR0012-01,Logon
LGN0000274,01/08/2026 18:27:33,USR0012,PC-USR0012-01,Logoff
LGN0000275,01/08/2026 09:40:48,USR0013,PC-USR0013-01,Logon
LGN0000276,01/08/2026 17:26:28,USR0013,PC-USR0013-01,Logoff
LGN0000277,01/08/2026 08:36:11,USR0014,PC-USR0014-01,Logon
LGN0000278,01/08/2026 18:14:28,USR0014,PC-USR0014-01,Logoff
LGN0000279,01/08/2026 08:30:23,USR0015,PC-USR0015-01,Logon
LGN0000280,01/08/2026 18:27:33,USR0015,PC-USR0015-01,Logoff
LGN0000281,01/08/2026 08:17:24,USR0016,PC-USR0016-01,Logon
LGN0000282,01/08/2026 17:24:40,USR0016,PC-USR0016-01,Logoff
LGN0000283,01/08/2026 08:39:09,USR0017,PC-USR0017-01,Logon
LGN0000284,01/08/2026 18:21:01,USR0017,PC-USR0017-01,Logoff
LGN0000285,01/08/2026 08:40:27,USR0018,PC-USR0018-01,Logon
LGN0000286,01/08/2026 18:20:11,USR0018,PC-USR0018-01,Logoff
LGN0000287,01/08/2026 09:37:46,USR0019,PC-USR0019-01,Logon
LGN0000288,01/08/2026 18:18:09,USR0019,PC-USR0019-01,Logoff
LGN0000289,01/08/2026 08:29:49,USR0020,PC-USR0020-01,Logon
LGN0000290,01/08/2026 18:07:16,USR0020,PC-USR0020-01,Logoff
LGN0000291,01/08/2026 08:27:16,USR0021,PC-USR0021-01,Logon
LGN0000292,01/08/2026 17:23:37,USR0021,PC-USR0021-01,Logoff
LGN0000293,01/08/2026 09:46:33,USR0022,PC-USR0022-01,Logon
LGN0000294,01/08/2026 17:07:06,USR0022,PC-USR0022-01,Logoff
LGN0000295,01/08/2026 09:16:21,USR0023,PC-USR0023-01,Logon
LGN0000296,01/08/2026 18:11:14,USR0023,PC-USR0023-01,Logoff
LGN0000297,01/08/2026 08:53:24,USR0024,PC-USR0024-01,Logon
LGN0000298,01/08/2026 18:18:28,USR0024,PC-USR0024-01,Logoff
LGN0000299,01/08/2026 09:20:16,USR0025,PC-USR0025-01,Logon
LGN0000300,01/08/2026 17:11:59,USR0025,PC-USR0025-01,Logoff
LGN0000301,01/09/2026 08:24:59,AAE0190,PC-AAE0190-01,Logon
LGN0000302,01/09/2026 17:29:34,AAE0190,PC-AAE0190-01,Logoff
LGN0000303,01/09/2026 09:52:53,USR0002,PC-USR0002-01,Logon
LGN0000304,01/09/2026 18:17:10,USR0002,PC-USR0002-01,Logoff
LGN0000305,01/09/2026 08:47:08,USR0003,PC-USR0003-01,Logon
LGN0000306,01/09/2026 17:26:08,USR0003,PC-USR0003-01,Logoff
LGN0000307,01/09/2026 08:51:47,USR0004,PC-USR0004-01,Logon
LGN0000308,01/09/2026 17:29:31,USR0004,PC-USR0004-01,Logoff
LGN0000309,01/09/2026 08:21:54,USR0005,PC-USR0005-01,Logon
LGN0000310,01/09/2026 17:21:57,USR0005,PC-USR0005-01,Logoff
LGN0000311,01/09/2026 09:18:12,USR0006,PC-USR0006-01,Logon
LGN0000312,01/09/2026 17:23:01,USR0006,PC-USR0006-01,Logoff
LGN0000313,01/09/2026 08:26:52,USR0007,PC-USR0007-01,Logon
LGN0000314,01/09/2026 18:00:29,USR0007,PC-USR0007-01,Logoff
LGN0000315,01/09/2026 09:27:43,USR0008,PC-USR0008-01,Logon
LGN0000316,01/09/2026 17:26:58,USR0008,PC-USR0008-01,Logoff
LGN0000317,01/09/2026 08:37:41,USR0009,PC-USR0009-01,Logon
LGN0000318,01/09/2026 18:08:58,USR0009,PC-USR0009-01,Logoff
LGN0000319,01/09/2026 08:30:31,USR0010,PC-USR0010-01,Logon
LGN0000320,01/09/2026 18:06:40,USR0010,PC-USR0010-01,Logoff
LGN0000321,01/09/2026 09:15:16,USR0011,PC-USR0011-01,Logon
LGN0000322,01/09/2026 18:22:46,USR0011,PC-USR0011-01,Logoff
LGN0000323,01/09/2026 09:51:36,USR0012,PC-USR0012-01,Logon
LGN0000324,01/09/2026 17:21:33,USR0012,PC-USR0012-01,Logoff
LGN0000325,01/09/2026 08:34:44,USR0013,PC-USR0013-01,Logon
LGN0000326,01/09/2026 17:07:04,USR0013,PC-USR0013-01,Logoff
LGN0000327,01/09/2026 08:19:44,USR0014,PC-USR0014-01,Logon
LGN0000328,01/09/2026 18:18:26,USR0014,PC-USR0014-01,Logoff
LGN0000329,01/09/2026 08:36:40,USR0015,PC-USR0015-01,Logon
LGN0000330,01/09/2026 17:24:23,USR0015,PC-USR0015-01,Logoff
LGN0000331,01/09/2026 08:27:04,USR0016,PC-USR0016-01,Logon
LGN0000332,01/09/2026 18:27:49,USR0016,PC-USR0016-01,Logoff
LGN0000333,01/09/2026 08:30:35,USR0017,PC-USR0017-01,Logon
LGN0000334,01/09/2026 18:26:10,USR0017,PC-USR0017-01,Logoff
LGN0000335,01/09/2026 09:33:20,USR0018,PC-USR0018-01,Logon
LGN0000336,01/09/2026 18:02:33,USR0018,PC-USR0018-01,Logoff
LGN0000337,01/09/2026 09:50:10,USR0019,PC-USR0019-01,Logon
LGN0000338,01/09/2026 17:12:12,USR0019,PC-USR0019-01,Logoff
LGN0000339,01/09/2026 09:28:46,USR0020,PC-USR0020-01,Logon
LGN0000340,01/09/2026 18:09:37,USR0020,PC-USR0020-01,Logoff
LGN0000341,01/09/2026 08:28:28,USR0021,PC-USR0021-01,Logon
LGN0000342,01/09/2026 17:26:00,USR0021,PC-USR0021-01,Logoff
LGN0000343,01/09/2026 08:26:47,USR0022,PC-USR0022-01,Logon
LGN0000344,01/09/2026 17:05:16,USR0022,PC-USR0022-01,Logoff
LGN0000345,01/09/2026 08:35:21,USR0023,PC-USR0023-01,Logon
LGN0000346,01/09/2026 18:07:00,USR0023,PC-USR0023-01,Logoff
LGN0000347,01/09/2026 08:53:47,USR0024,PC-USR0024-01,Logon
LGN0000348,01/09/2026 18:15:36,USR0024,PC-USR0024-01,Logoff
LGN0000349,01/09/2026 08:48:49,USR0025,PC-USR0025-01,Logon
LGN0000350,01/09/2026 18:23:21,USR0025,PC-USR0025-01,Logoff
LGN0000351,01/12/2026 09:48:12,AAE0190,PC-AAE0190-01,Logon
LGN0000352,01/12/2026 17:21:28,AAE0190,PC-AAE0190-01,Logoff
LGN0000353,01/12/2026 08:37:53,USR0002,PC-USR0002-01,Logon
LGN0000354,01/12/2026 17:25:03,USR0002,PC-USR0002-01,Logoff
LGN0000355,01/12/2026 09:44:50,USR0003,PC-USR0003-01,Logon
LGN0000356,01/12/2026 18:16:38,USR0003,PC-USR0003-01,Logoff
LGN0000357,01/12/2026 08:39:48,USR0004,PC-USR0004-01,Logon
LGN0000358,01/12/2026 17:13:53,USR0004,PC-USR0004-01,Logoff
LGN0000359,01/12/2026 09:49:05,USR0005,PC-USR0005-01,Logon
LGN0000360,01/12/2026 17:10:02,USR0005,PC-USR0005-01,Logoff
LGN0000361,01/12/2026 09:33:30,USR0006,PC-USR0006-01,Logon
LGN0000362,01/12/2026 18:21:18,USR0006,PC-USR0006-01,Logoff
LGN0000363,01/12/2026 08:42:26,USR0007,PC-USR0007-01,Logon
LGN0000364,01/12/2026 17:15:14,USR0007,PC-USR0007-01,Logoff
LGN0000365,01/12/2026 08:28:41,USR0008,PC-USR0008-01,Logon
LGN0000366,01/12/2026 18:00:31,USR0008,PC-USR0008-01,Logoff
LGN0000367,01/12/2026 08:26:20,USR0009,PC-USR0009-01,Logon
LGN0000368,01/12/2026 18:05:05,USR0009,PC-USR0009-01,Logoff
LGN0000369,01/12/2026 09:40:33,USR0010,PC-USR0010-01,Logon
LGN0000370,01/12/2026 18:21:44,USR0010,PC-USR0010-01,Logoff
LGN0000371,01/12/2026 08:23:51,USR0011,PC-USR0011-01,Logon
LGN0000372,01/12/2026 17:12:21,USR0011,PC-USR0011-01,Logoff
LGN0000373,01/12/2026 08:44:54,USR0012,PC-USR0012-01,Logon
LGN0000374,01/12/2026 17:23:24,USR0012,PC-USR0012-01,Logoff
LGN0000375,01/12/2026 08:25:15,USR0013,PC-USR0013-01,Logon
LGN0000376,01/12/2026 18:00:02,USR0013,PC-USR0013-01,Logoff
LGN0000377,01/12/2026 09:15:52,USR0014,PC-USR0014-01,Logon
LGN0000378,01/12/2026 18:20:49,USR0014,PC-USR0014-01,Logoff
LGN0000379,01/12/2026 08:48:47,USR0015,PC-USR0015-01,Logon
LGN0000380,01/12/2026 17:21:42,USR0015,PC-USR0015-01,Logoff
LGN0000381,01/12/2026 08:16:57,USR0016,PC-USR0016-01,Logon
LGN0000382,01/12/2026 17:12:30,USR0016,PC-USR0016-01,Logoff
LGN0000383,01/12/2026 08:26:19,USR0017,PC-USR0017-01,Logon
LGN0000384,01/12/2026 17:08:45,USR0017,PC-USR0017-01,Logoff
LGN0000385,01/12/2026 08:40:19,USR0018,PC-USR0018-01,Logon
LGN0000386,01/12/2026 18:21:28,USR0018,PC-USR0018-01,Logoff
LGN0000387,01/12/2026 08:33:46,USR0019,PC-USR0019-01,Logon
LGN0000388,01/12/2026 18:01:29,USR0019,PC-USR0019-01,Logoff
LGN0000389,01/12/2026 09:18:03,USR0020,PC-USR0020-01,Logon
LGN0000390,01/12/2026 17:07:14,USR0020,PC-USR0020-01,Logoff
LGN0000391,01/12/2026 08:32:03,USR0021,PC-USR0021-01,Logon
LGN0000392,01/12/2026 17:26:17,USR0021,PC-USR0021-01,Logoff
LGN0000393,01/12/2026 08:40:15,USR0022,PC-USR0022-01,Logon
LGN0000394,01/12/2026 17:28:32,USR0022,PC-USR0022-01,Logoff
LGN0000395,01/12/2026 08:18:32,USR0023,PC-USR0023-01,Logon
LGN0000396,01/12/2026 18:22:09,USR0023,PC-USR0023-01,Logoff
LGN0000397,01/12/2026 09:55:41,USR0024,PC-USR0024-01,Logon
LGN0000398,01/12/2026 17:06:51,USR0024,PC-USR0024-01,Logoff
LGN0000399,01/12/2026 09:44:57,USR0025,PC-USR0025-01,Logon
LGN0000400,01/12/2026 17:13:53,USR0025,PC-USR0025-01,Logoff
LGN0000401,01/13/2026 08:51:48,AAE0190,PC-AAE0190-01,Logon
LGN0000402,01/13/2026 18:01:27,AAE0190,PC-AAE0190-01,Logoff
LGN0000403,01/13/2026 08:50:00,USR0002,PC-USR0002-01,Logon
LGN0000404,01/13/2026 18:19:37,USR0002,PC-USR0002-01,Logoff
LGN0000405,01/13/2026 08:21:58,USR0003,PC-USR0003-01,Logon
LGN0000406,01/13/2026 18:25:09,USR0003,PC-USR0003-01,Logoff
LGN0000407,01/13/2026 08:49:05,USR0004,PC-USR0004-01,Logon
LGN0000408,01/13/2026 18:15:07,USR0004,PC-USR0004-01,Logoff
LGN0000409,01/13/2026 09:53:18,USR0005,PC-USR0005-01,Logon
LGN0000410,01/13/2026 18:06:55,USR0005,PC-USR0005-01,Logoff
LGN0000411,01/13/2026 09:47:15,USR0006,PC-USR0006-01,Logon
LGN0000412,01/13/2026 18:29:57,USR0006,PC-USR0006-01,Logoff
LGN0000413,01/13/2026 09:52:16,USR0007,PC-USR0007-01,Logon
LGN0000414,01/13/2026 18:00:29,USR0007,PC-USR0007-01,Logoff
LGN0000415,01/13/2026 08:44:31,USR0008,PC-USR0008-01,Logon
LGN0000416,01/13/2026 17:06:49,USR0008,PC-USR0008-01,Logoff
LGN0000417,01/13/2026 09:29:06,USR0009,PC-USR0009-01,Logon
LGN0000418,01/13/2026 18:15:13,USR0009,PC-USR0009-01,Logoff
LGN0000419,01/13/2026 09:24:29,USR0010,PC-USR0010-01,Logon
LGN0000420,01/13/2026 18:21:56,USR0010,PC-USR0010-01,Logoff
LGN0000421,01/13/2026 09:25:19,USR0011,PC-USR0011-01,Logon
LGN0000422,01/13/2026 18:24:43,USR0011,PC-USR0011-01,Logoff
LGN0000423,01/13/2026 08:47:52,USR0012,PC-USR0012-01,Logon
LGN0000424,01/13/2026 18:16:47,USR0012,PC-USR0012-01,Logoff
LGN0000425,01/13/2026 08:39:06,USR0013,PC-USR0013-01,Logon
LGN0000426,01/13/2026 18:26:26,USR0013,PC-USR0013-01,Logoff
LGN0000427,01/13/2026 08:42:09,USR0014,PC-USR0014-01,Logon
LGN0000428,01/13/2026 17:18:09,USR0014,PC-USR0014-01,Logoff
LGN0000429,01/13/2026 08:27:48,USR0015,PC-USR0015-01,Logon
LGN0000430,01/13/2026 17:10:33,USR0015,PC-USR0015-01,Logoff
LGN0000431,01/13/2026 08:45:19,USR0016,PC-USR0016-01,Logon
LGN0000432,01/13/2026 18:10:44,USR0016,PC-USR0016-01,Logoff
LGN0000433,01/13/2026 09:42:21,USR0017,PC-USR0017-01,Logon
LGN0000434,01/13/2026 17:19:55,USR0017,PC-USR0017-01,Logoff
LGN0000435,01/13/2026 09:48:24,USR0018,PC-USR0018-01,Logon
LGN0000436,01/13/2026 18:13:32,USR0018,PC-USR0018-01,Logoff
LGN0000437,01/13/2026 08:49:30,USR0019,PC-USR0019-01,Logon
LGN0000438,01/13/2026 17:28:20,USR0019,PC-USR0019-01,Logoff
LGN0000439,01/13/2026 09:20:52,USR0020,PC-USR0020-01,Logon
LGN0000440,01/13/2026 18:19:04,USR0020,PC-USR0020-01,Logoff
LGN0000441,01/13/2026 08:44:06,USR0021,PC-USR0021-01,Logon
LGN0000442,01/13/2026 17:28:18,USR0021,PC-USR0021-01,Logoff
LGN0000443,01/13/2026 08:30:08,USR0022,PC-USR0022-01,Logon
LGN0000444,01/13/2026 17:15:57,USR0022,PC-USR0022-01,Logoff
LGN0000445,01/13/2026 09:19:06,USR0023,PC-USR0023-01,Logon
LGN0000446,01/13/2026 17:13:18,USR0023,PC-USR0023-01,Logoff
LGN0000447,01/13/2026 08:16:15,USR0024,PC-USR0024-01,Logon
LGN0000448,01/13/2026 17:23:13,USR0024,PC-USR0024-01,Logoff
LGN0000449,01/13/2026 08:53:51,USR0025,PC-USR0025-01,Logon
LGN0000450,01/13/2026 17:14:30,USR0025,PC-USR0025-01,Logoff
LGN0000451,01/14/2026 09:33:46,AAE0190,PC-AAE0190-01,Logon
LGN0000452,01/14/2026 18:09:06,AAE0190,PC-AAE0190-01,Logoff
LGN0000453,01/14/2026 08:38:36,USR0002,PC-USR0002-01,Logon
LGN0000454,01/14/2026 18:25:27,USR0002,PC-USR0002-01,Logoff
LGN0000455,01/14/2026 08:32:15,USR0003,PC-USR0003-01,Logon
LGN0000456,01/14/2026 17:03:19,USR0003,PC-USR0003-01,Logoff
LGN0000457,01/14/2026 08:19:47,USR0004,PC-USR0004-01,Logon
LGN0000458,01/14/2026 18:09:19,USR0004,PC-USR0004-01,Logoff
LGN0000459,01/14/2026 08:35:16,USR0005,PC-USR0005-01,Logon
LGN0000460,01/14/2026 17:03:32,USR0005,PC-USR0005-01,Logoff
LGN0000461,01/14/2026 08:20:40,USR0006,PC-USR0006-01,Logon
LGN0000462,01/14/2026 17:03:42,USR0006,PC-USR0006-01,Logoff
LGN0000463,01/14/2026 08:37:04,USR0007,PC-USR0007-01,Logon
LGN0000464,01/14/2026 18:13:15,USR0007,PC-USR0007-01,Logoff
LGN0000465,01/14/2026 09:28:18,USR0008,PC-USR0008-01,Logon
LGN0000466,01/14/2026 17:11:27,USR0008,PC-USR0008-01,Logoff
LGN0000467,01/14/2026 08:35:33,USR0009,PC-USR0009-01,Logon
LGN0000468,01/14/2026 18:27:09,USR0009,PC-USR0009-01,Logoff
LGN0000469,01/14/2026 09:37:25,USR0010,PC-USR0010-01,Logon
LGN0000470,01/14/2026 18:10:02,USR0010,PC-USR0010-01,Logoff
LGN0000471,01/14/2026 08:52:53,USR0011,PC-USR0011-01,Logon
LGN0000472,01/14/2026 17:11:02,USR0011,PC-USR0011-01,Logoff
LGN0000473,01/14/2026 08:24:16,USR0012,PC-USR0012-01,Logon
LGN0000474,01/14/2026 17:03:50,USR0012,PC-USR0012-01,Logoff
LGN0000475,01/14/2026 08:52:32,USR0013,PC-USR0013-01,Logon
LGN0000476,01/14/2026 17:30:13,USR0013,PC-USR0013-01,Logoff
LGN0000477,01/14/2026 08:24:58,USR0014,PC-USR0014-01,Logon
LGN0000478,01/14/2026 17:14:00,USR0014,PC-USR0014-01,Logoff
LGN0000479,01/14/2026 09:25:33,USR0015,PC-USR0015-01,Logon
LGN0000480,01/14/2026 18:15:18,USR0015,PC-USR0015-01,Logoff
LGN0000481,01/14/2026 08:22:09,USR0016,PC-USR0016-01,Logon
LGN0000482,01/14/2026 17:01:21,USR0016,PC-USR0016-01,Logoff
LGN0000483,01/14/2026 08:31:44,USR0017,PC-USR0017-01,Logon
LGN0000484,01/14/2026 18:19:15,USR0017,PC-USR0017-01,Logoff
LGN0000485,01/14/2026 09:24:15,USR0018,PC-USR0018-01,Logon
LGN0000486,01/14/2026 17:01:59,USR0018,PC-USR0018-01,Logoff
LGN0000487,01/14/2026 09:55:05,USR0019,PC-USR0019-01,Logon
LGN0000488,01/14/2026 18:03:40,USR0019,PC-USR0019-01,Logoff
LGN0000489,01/14/2026 09:54:46,USR0020,PC-USR0020-01,Logon
LGN0000490,01/14/2026 18:26:35,USR0020,PC-USR0020-01,Logoff
LGN0000491,01/14/2026 08:19:59,USR0021,PC-USR0021-01,Logon
LGN0000492,01/14/2026 17:00:11,USR0021,PC-USR0021-01,Logoff
LGN0000493,01/14/2026 09:50:52,USR0022,PC-USR0022-01,Logon
LGN0000494,01/14/2026 18:17:23,USR0022,PC-USR0022-01,Logoff
LGN0000495,01/14/2026 08:28:44,USR0023,PC-USR0023-01,Logon
LGN0000496,01/14/2026 17:29:09,USR0023,PC-USR0023-01,Logoff
LGN0000497,01/14/2026 09:15:56,USR0024,PC-USR0024-01,Logon
LGN0000498,01/14/2026 18:01:02,USR0024,PC-USR0024-01,Logoff
LGN0000499,01/14/2026 08:41:47,USR0025,PC-USR0025-01,Logon
LGN0000500,01/14/2026 17:26:59,USR0025,PC-USR0025-01,Logoff
LGN0000501,01/15/2026 08:21:23,AAE0190,PC-AAE0190-01,Logon
LGN0000502,01/15/2026 17:13:45,AAE0190,PC-AAE0190-01,Logoff
LGN0000503,01/15/2026 09:26:07,USR0002,PC-USR0002-01,Logon
LGN0000504,01/15/2026 18:29:54,USR0002,PC-USR0002-01,Logoff
LGN0000505,01/15/2026 08:39:48,USR0003,PC-USR0003-01,Logon
LGN0000506,01/15/2026 18:28:03,USR0003,PC-USR0003-01,Logoff
LGN0000507,01/15/2026 08:54:53,USR0004,PC-USR0004-01,Logon
LGN0000508,01/15/2026 18:17:10,USR0004,PC-USR0004-01,Logoff
LGN0000509,01/15/2026 09:20:37,USR0005,PC-USR0005-01,Logon
LGN0000510,01/15/2026 18:14:14,USR0005,PC-USR0005-01,Logoff
LGN0000511,01/15/2026 09:42:11,USR0006,PC-USR0006-01,Logon
LGN0000512,01/15/2026 18:19:38,USR0006,PC-USR0006-01,Logoff
LGN0000513,01/15/2026 09:45:19,USR0007,PC-USR0007-01,Logon
LGN0000514,01/15/2026 18:04:03,USR0007,PC-USR0007-01,Logoff
LGN0000515,01/15/2026 09:43:49,USR0008,PC-USR0008-01,Logon
LGN0000516,01/15/2026 17:26:54,USR0008,PC-USR0008-01,Logoff
LGN0000517,01/15/2026 08:22:50,USR0009,PC-USR0009-01,Logon
LGN0000518,01/15/2026 17:06:53,USR0009,PC-USR0009-01,Logoff
LGN0000519,01/15/2026 09:45:42,USR0010,PC-USR0010-01,Logon
LGN0000520,01/15/2026 17:20:09,USR0010,PC-USR0010-01,Logoff
LGN0000521,01/15/2026 08:48:39,USR0011,PC-USR0011-01,Logon
LGN0000522,01/15/2026 17:22:17,USR0011,PC-USR0011-01,Logoff
LGN0000523,01/15/2026 08:36:47,USR0012,PC-USR0012-01,Logon
LGN0000524,01/15/2026 18:30:12,USR0012,PC-USR0012-01,Logoff
LGN0000525,01/15/2026 08:26:16,USR0013,PC-USR0013-01,Logon
LGN0000526,01/15/2026 17:29:30,USR0013,PC-USR0013-01,Logoff
LGN0000527,01/15/2026 09:39:24,USR0014,PC-USR0014-01,Logon
LGN0000528,01/15/2026 18:29:51,USR0014,PC-USR0014-01,Logoff
LGN0000529,01/15/2026 09:48:42,USR0015,PC-USR0015-01,Logon
LGN0000530,01/15/2026 17:28:20,USR0015,PC-USR0015-01,Logoff
LGN0000531,01/15/2026 08:23:07,USR0016,PC-USR0016-01,Logon
LGN0000532,01/15/2026 17:16:27,USR0016,PC-USR0016-01,Logoff
LGN0000533,01/15/2026 08:27:05,USR0017,PC-USR0017-01,Logon
LGN0000534,01/15/2026 17:18:28,USR0017,PC-USR0017-01,Logoff
LGN0000535,01/15/2026 08:32:04,USR0018,PC-USR0018-01,Logon
LGN0000536,01/15/2026 18:11:25,USR0018,PC-USR0018-01,Logoff
LGN0000537,01/15/2026 09:36:46,USR0019,PC-USR0019-01,Logon
LGN0000538,01/15/2026 17:27:37,USR0019,PC-USR0019-01,Logoff
LGN0000539,01/15/2026 09:53:09,USR0020,PC-USR0020-01,Logon
LGN0000540,01/15/2026 17:24:54,USR0020,PC-USR0020-01,Logoff
LGN0000541,01/15/2026 08:34:52,USR0021,PC-USR0021-01,Logon
LGN0000542,01/15/2026 17:11:45,USR0021,PC-USR0021-01,Logoff
LGN0000543,01/15/2026 08:39:44,USR0022,PC-USR0022-01,Logon
LGN0000544,01/15/2026 17:02:29,USR0022,PC-USR0022-01,Logoff
LGN0000545,01/15/2026 09:34:21,USR0023,PC-USR0023-01,Logon
LGN0000546,01/15/2026 18:07:17,USR0023,PC-USR0023-01,Logoff
LGN0000547,01/15/2026 08:45:03,USR0024,PC-USR0024-01,Logon
LGN0000548,01/15/2026 18:17:57,USR0024,PC-USR0024-01,Logoff
LGN0000549,01/15/2026 09:30:13,USR0025,PC-USR0025-01,Logon
LGN0000550,01/15/2026 17:17:40,USR0025,PC-USR0025-01,Logoff
LGN0000551,01/16/2026 08:33:08,AAE0190,PC-AAE0190-01,Logon
LGN0000552,01/16/2026 17:25:40,AAE0190,PC-AAE0190-01,Logoff
LGN0000553,01/16/2026 09:44:44,USR0002,PC-USR0002-01,Logon
LGN0000554,01/16/2026 17:23:40,USR0002,PC-USR0002-01,Logoff
LGN0000555,01/16/2026 09:28:09,USR0003,PC-USR0003-01,Logon
LGN0000556,01/16/2026 17:00:03,USR0003,PC-USR0003-01,Logoff
LGN0000557,01/16/2026 08:54:55,USR0004,PC-USR0004-01,Logon
LGN0000558,01/16/2026 17:27:05,USR0004,PC-USR0004-01,Logoff
LGN0000559,01/16/2026 09:37:08,USR0005,PC-USR0005-01,Logon
LGN0000560,01/16/2026 17:08:13,USR0005,PC-USR0005-01,Logoff
LGN0000561,01/16/2026 09:31:57,USR0006,PC-USR0006-01,Logon
LGN0000562,01/16/2026 18:11:53,USR0006,PC-USR0006-01,Logoff
LGN0000563,01/16/2026 08:44:04,USR0007,PC-USR0007-01,Logon
LGN0000564,01/16/2026 17:17:16,USR0007,PC-USR0007-01,Logoff
LGN0000565,01/16/2026 09:31:43,USR0008,PC-USR0008-01,Logon
LGN0000566,01/16/2026 17:16:03,USR0008,PC-USR0008-01,Logoff
LGN0000567,01/16/2026 09:38:33,USR0009,PC-USR0009-01,Logon
LGN0000568,01/16/2026 18:23:59,USR0009,PC-USR0009-01,Logoff
LGN0000569,01/16/2026 08:47:04,USR0010,PC-USR0010-01,Logon
LGN0000570,01/16/2026 17:05:57,USR0010,PC-USR0010-01,Logoff
LGN0000571,01/16/2026 08:25:47,USR0011,PC-USR0011-01,Logon
LGN0000572,01/16/2026 17:16:52,USR0011,PC-USR0011-01,Logoff
LGN0000573,01/16/2026 08:31:28,USR0012,PC-USR0012-01,Logon
LGN0000574,01/16/2026 17:09:55,USR0012,PC-USR0012-01,Logoff
LGN0000575,01/16/2026 08:32:08,USR0013,PC-USR0013-01,Logon
LGN0000576,01/16/2026 18:20:51,USR0013,PC-USR0013-01,Logoff
LGN0000577,01/16/2026 09:15:18,USR0014,PC-USR0014-01,Logon
LGN0000578,01/16/2026 18:09:52,USR0014,PC-USR0014-01,Logoff
LGN0000579,01/16/2026 09:30:31,USR0015,PC-USR0015-01,Logon
LGN0000580,01/16/2026 18:07:52,USR0015,PC-USR0015-01,Logoff
LGN0000581,01/16/2026 08:39:12,USR0016,PC-USR0016-01,Logon
LGN0000582,01/16/2026 17:08:21,USR0016,PC-USR0016-01,Logoff
LGN0000583,01/16/2026 08:34:42,USR0017,PC-USR0017-01,Logon
LGN0000584,01/16/2026 17:10:57,USR0017,PC-USR0017-01,Logoff
LGN0000585,01/16/2026 09:35:00,USR0018,PC-USR0018-01,Logon
LGN0000586,01/16/2026 18:03:05,USR0018,PC-USR0018-01,Logoff
LGN0000587,01/16/2026 08:20:04,USR0019,PC-USR0019-01,Logon
LGN0000588,01/16/2026 17:27:12,USR0019,PC-USR0019-01,Logoff
LGN0000589,01/16/2026 08:45:05,USR0020,PC-USR0020-01,Logon
LGN0000590,01/16/2026 17:04:01,USR0020,PC-USR0020-01,Logoff
LGN0000591,01/16/2026 08:48:28,USR0021,PC-USR0021-01,Logon
LGN0000592,01/16/2026 18:21:14,USR0021,PC-USR0021-01,Logoff
LGN0000593,01/16/2026 08:29:06,USR0022,PC-USR0022-01,Logon
LGN0000594,01/16/2026 17:25:05,USR0022,PC-USR0022-01,Logoff
LGN0000595,01/16/2026 09:22:45,USR0023,PC-USR0023-01,Logon
LGN0000596,01/16/2026 18:11:32,USR0023,PC-USR0023-01,Logoff
LGN0000597,01/16/2026 09:41:25,USR0024,PC-USR0024-01,Logon
LGN0000598,01/16/2026 18:07:12,USR0024,PC-USR0024-01,Logoff
LGN0000599,01/16/2026 08:51:51,USR0025,PC-USR0025-01,Logon
LGN0000600,01/16/2026 17:16:22,USR0025,PC-USR0025-01,Logoff
LGN0000601,01/19/2026 09:21:57,AAE0190,PC-AAE0190-01,Logon
LGN0000602,01/19/2026 18:24:26,AAE0190,PC-AAE0190-01,Logoff
LGN0000603,01/19/2026 08:48:53,USR0002,PC-USR0002-01,Logon
LGN0000604,01/19/2026 18:28:35,USR0002,PC-USR0002-01,Logoff
LGN0000605,01/19/2026 09:52:01,USR0003,PC-USR0003-01,Logon
LGN0000606,01/19/2026 17:14:37,USR0003,PC-USR0003-01,Logoff
LGN0000607,01/19/2026 09:18:26,USR0004,PC-USR0004-01,Logon
LGN0000608,01/19/2026 17:12:28,USR0004,PC-USR0004-01,Logoff
LGN0000609,01/19/2026 09:44:12,USR0005,PC-USR0005-01,Logon
LGN0000610,01/19/2026 18:16:34,USR0005,PC-USR0005-01,Logoff
LGN0000611,01/19/2026 08:35:36,USR0006,PC-USR0006-01,Logon
LGN0000612,01/19/2026 18:00:54,USR0006,PC-USR0006-01,Logoff
LGN0000613,01/19/2026 08:39:25,USR0007,PC-USR0007-01,Logon
LGN0000614,01/19/2026 17:02:51,USR0007,PC-USR0007-01,Logoff
LGN0000615,01/19/2026 08:35:12,USR0008,PC-USR0008-01,Logon
LGN0000616,01/19/2026 18:20:27,USR0008,PC-USR0008-01,Logoff
LGN0000617,01/19/2026 09:19:26,USR0009,PC-USR0009-01,Logon
LGN0000618,01/19/2026 17:21:53,USR0009,PC-USR0009-01,Logoff
LGN0000619,01/19/2026 08:35:17,USR0010,PC-USR0010-01,Logon
LGN0000620,01/19/2026 17:16:59,USR0010,PC-USR0010-01,Logoff
LGN0000621,01/19/2026 08:52:54,USR0011,PC-USR0011-01,Logon
LGN0000622,01/19/2026 18:23:43,USR0011,PC-USR0011-01,Logoff
LGN0000623,01/19/2026 08:16:51,USR0012,PC-USR0012-01,Logon
LGN0000624,01/19/2026 17:11:13,USR0012,PC-USR0012-01,Logoff
LGN0000625,01/19/2026 09:33:34,USR0013,PC-USR0013-01,Logon
LGN0000626,01/19/2026 18:12:50,USR0013,PC-USR0013-01,Logoff
LGN0000627,01/19/2026 09:32:47,USR0014,PC-USR0014-01,Logon
LGN0000628,01/19/2026 17:04:01,USR0014,PC-USR0014-01,Logoff
LGN0000629,01/19/2026 09:49:37,USR0015,PC-USR0015-01,Logon
LGN0000630,01/19/2026 18:28:29,USR0015,PC-USR0015-01,Logoff
LGN0000631,01/19/2026 08:15:54,USR0016,PC-USR0016-01,Logon
LGN0000632,01/19/2026 17:10:30,USR0016,PC-USR0016-01,Logoff
LGN0000633,01/19/2026 09:21:58,USR0017,PC-USR0017-01,Logon
LGN0000634,01/19/2026 18:08:57,USR0017,PC-USR0017-01,Logoff
LGN0000635,01/19/2026 08:46:24,USR0018,PC-USR0018-01,Logon
LGN0000636,01/19/2026 17:28:49,USR0018,PC-USR0018-01,Logoff
LGN0000637,01/19/2026 09:45:32,USR0019,PC-USR0019-01,Logon
LGN0000638,01/19/2026 17:22:54,USR0019,PC-USR0019-01,Logoff
LGN0000639,01/19/2026 09:33:51,USR0020,PC-USR0020-01,Logon
LGN0000640,01/19/2026 18:11:32,USR0020,PC-USR0020-01,Logoff
LGN0000641,01/19/2026 09:52:05,USR0021,PC-USR0021-01,Logon
LGN0000642,01/19/2026 18:00:30,USR0021,PC-USR0021-01,Logoff
LGN0000643,01/19/2026 08:16:21,USR0022,PC-USR0022-01,Logon
LGN0000644,01/19/2026 18:26:13,USR0022,PC-USR0022-01,Logoff
LGN0000645,01/19/2026 09:31:26,USR0023,PC-USR0023-01,Logon
LGN0000646,01/19/2026 17:24:17,USR0023,PC-USR0023-01,Logoff
LGN0000647,01/19/2026 08:40:33,USR0024,PC-USR0024-01,Logon
LGN0000648,01/19/2026 17:02:13,USR0024,PC-USR0024-01,Logoff
LGN0000649,01/19/2026 08:49:36,USR0025,PC-USR0025-01,Logon
LGN0000650,01/19/2026 17:20:30,USR0025,PC-USR0025-01,Logoff
LGN0000651,01/20/2026 08:22:02,AAE0190,PC-AAE0190-01,Logon
LGN0000652,01/20/2026 18:30:36,AAE0190,PC-AAE0190-01,Logoff
LGN0000653,01/20/2026 09:29:22,USR0002,PC-USR0002-01,Logon
LGN0000654,01/20/2026 18:09:52,USR0002,PC-USR0002-01,Logoff
LGN0000655,01/20/2026 09:55:59,USR0003,PC-USR0003-01,Logon
LGN0000656,01/20/2026 17:05:13,USR0003,PC-USR0003-01,Logoff
LGN0000657,01/20/2026 08:35:41,USR0004,PC-USR0004-01,Logon
LGN0000658,01/20/2026 17:13:57,USR0004,PC-USR0004-01,Logoff
LGN0000659,01/20/2026 09:22:45,USR0005,PC-USR0005-01,Logon
LGN0000660,01/20/2026 17:26:58,USR0005,PC-USR0005-01,Logoff
LGN0000661,01/20/2026 08:23:41,USR0006,PC-USR0006-01,Logon
LGN0000662,01/20/2026 18:16:01,USR0006,PC-USR0006-01,Logoff
LGN0000663,01/20/2026 09:35:21,USR0007,PC-USR0007-01,Logon
LGN0000664,01/20/2026 17:05:04,USR0007,PC-USR0007-01,Logoff
LGN0000665,01/20/2026 08:35:29,USR0008,PC-USR0008-01,Logon
LGN0000666,01/20/2026 18:11:21,USR0008,PC-USR0008-01,Logoff
LGN0000667,01/20/2026 08:50:12,USR0009,PC-USR0009-01,Logon
LGN0000668,01/20/2026 17:04:38,USR0009,PC-USR0009-01,Logoff
LGN0000669,01/20/2026 08:31:27,USR0010,PC-USR0010-01,Logon
LGN0000670,01/20/2026 17:21:04,USR0010,PC-USR0010-01,Logoff
LGN0000671,01/20/2026 09:26:06,USR0011,PC-USR0011-01,Logon
LGN0000672,01/20/2026 17:10:49,USR0011,PC-USR0011-01,Logoff
LGN0000673,01/20/2026 08:28:09,USR0012,PC-USR0012-01,Logon
LGN0000674,01/20/2026 18:26:59,USR0012,PC-USR0012-01,Logoff
LGN0000675,01/20/2026 09:19:58,USR0013,PC-USR0013-01,Logon
LGN0000676,01/20/2026 17:16:16,USR0013,PC-USR0013-01,Logoff
LGN0000677,01/20/2026 08:48:44,USR0014,PC-USR0014-01,Logon
LGN0000678,01/20/2026 17:10:49,USR0014,PC-USR0014-01,Logoff
LGN0000679,01/20/2026 08:24:33,USR0015,PC-USR0015-01,Logon
LGN0000680,01/20/2026 17:19:19,USR0015,PC-USR0015-01,Logoff
LGN0000681,01/20/2026 09:33:55,USR0016,PC-USR0016-01,Logon
LGN0000682,01/20/2026 18:29:33,USR0016,PC-USR0016-01,Logoff
LGN0000683,01/20/2026 09:19:05,USR0017,PC-USR0017-01,Logon
LGN0000684,01/20/2026 18:20:53,USR0017,PC-USR0017-01,Logoff
LGN0000685,01/20/2026 08:32:54,USR0018,PC-USR0018-01,Logon
LGN0000686,01/20/2026 17:04:44,USR0018,PC-USR0018-01,Logoff
LGN0000687,01/20/2026 08:38:44,USR0019,PC-USR0019-01,Logon
LGN0000688,01/20/2026 18:10:43,USR0019,PC-USR0019-01,Logoff
LGN0000689,01/20/2026 09:16:21,USR0020,PC-USR0020-01,Logon
LGN0000690,01/20/2026 18:13:34,USR0020,PC-USR0020-01,Logoff
LGN0000691,01/20/2026 09:44:04,USR0021,PC-USR0021-01,Logon
LGN0000692,01/20/2026 18:13:21,USR0021,PC-USR0021-01,Logoff
LGN0000693,01/20/2026 08:40:20,USR0022,PC-USR0022-01,Logon
LGN0000694,01/20/2026 17:01:01,USR0022,PC-USR0022-01,Logoff
LGN0000695,01/20/2026 08:29:52,USR0023,PC-USR0023-01,Logon
LGN0000696,01/20/2026 18:23:09,USR0023,PC-USR0023-01,Logoff
LGN0000697,01/20/2026 08:31:20,USR0024,PC-USR0024-01,Logon
LGN0000698,01/20/2026 17:10:54,USR0024,PC-USR0024-01,Logoff
LGN0000699,01/20/2026 08:53:09,USR0025,PC-USR0025-01,Logon
LGN0000700,01/20/2026 18:01:24,USR0025,PC-USR0025-01,Logoff
LGN0000701,01/21/2026 09:27:11,AAE0190,PC-AAE0190-01,Logon
LGN0000702,01/21/2026 17:16:33,AAE0190,PC-AAE0190-01,Logoff
LGN0000703,01/21/2026 22:43:17,AAE0190,PC-AAE0190-01,Logon
LGN0000704,01/21/2026 08:26:59,USR0002,PC-USR0002-01,Logon
LGN0000705,01/21/2026 18:27:46,USR0002,PC-USR0002-01,Logoff
LGN0000706,01/21/2026 09:30:25,USR0003,PC-USR0003-01,Logon
LGN0000707,01/21/2026 18:25:13,USR0003,PC-USR0003-01,Logoff
LGN0000708,01/21/2026 09:51:51,USR0004,PC-USR0004-01,Logon
LGN0000709,01/21/2026 18:04:49,USR0004,PC-USR0004-01,Logoff
LGN0000710,01/21/2026 08:49:59,USR0005,PC-USR0005-01,Logon
LGN0000711,01/21/2026 17:11:03,USR0005,PC-USR0005-01,Logoff
LGN0000712,01/21/2026 09:38:22,USR0006,PC-USR0006-01,Logon
LGN0000713,01/21/2026 17:21:10,USR0006,PC-USR0006-01,Logoff
LGN0000714,01/21/2026 09:42:28,USR0007,PC-USR0007-01,Logon
LGN0000715,01/21/2026 17:09:55,USR0007,PC-USR0007-01,Logoff
LGN0000716,01/21/2026 08:23:28,USR0008,PC-USR0008-01,Logon
LGN0000717,01/21/2026 18:23:23,USR0008,PC-USR0008-01,Logoff
LGN0000718,01/21/2026 09:49:33,USR0009,PC-USR0009-01,Logon
LGN0000719,01/21/2026 18:27:02,USR0009,PC-USR0009-01,Logoff
LGN0000720,01/21/2026 08:40:34,USR0010,PC-USR0010-01,Logon
LGN0000721,01/21/2026 18:21:41,USR0010,PC-USR0010-01,Logoff
LGN0000722,01/21/2026 08:44:50,USR0011,PC-USR0011-01,Logon
LGN0000723,01/21/2026 17:21:53,USR0011,PC-USR0011-01,Logoff
LGN0000724,01/21/2026 09:32:00,USR0012,PC-USR0012-01,Logon
LGN0000725,01/21/2026 17:12:15,USR0012,PC-USR0012-01,Logoff
LGN0000726,01/21/2026 08:25:41,USR0013,PC-USR0013-01,Logon
LGN0000727,01/21/2026 18:20:31,USR0013,PC-USR0013-01,Logoff
LGN0000728,01/21/2026 09:49:24,USR0014,PC-USR0014-01,Logon
LGN0000729,01/21/2026 18:26:22,USR0014,PC-USR0014-01,Logoff
LGN0000730,01/21/2026 08:39:32,USR0015,PC-USR0015-01,Logon
LGN0000731,01/21/2026 17:25:19,USR0015,PC-USR0015-01,Logoff
LGN0000732,01/21/2026 08:15:05,USR0016,PC-USR0016-01,Logon
LGN0000733,01/21/2026 18:07:48,USR0016,PC-USR0016-01,Logoff
LGN0000734,01/21/2026 08:37:33,USR0017,PC-USR0017-01,Logon
LGN0000735,01/21/2026 18:25:03,USR0017,PC-USR0017-01,Logoff
LGN0000736,01/21/2026 08:50:08,USR0018,PC-USR0018-01,Logon
LGN0000737,01/21/2026 18:12:44,USR0018,PC-USR0018-01,Logoff
LGN0000738,01/21/2026 09:17:10,USR0019,PC-USR0019-01,Logon
LGN0000739,01/21/2026 17:05:41,USR0019,PC-USR0019-01,Logoff
LGN0000740,01/21/2026 08:45:18,USR0020,PC-USR0020-01,Logon
LGN0000741,01/21/2026 18:12:15,USR0020,PC-USR0020-01,Logoff
LGN0000742,01/21/2026 09:29:32,USR0021,PC-USR0021-01,Logon
LGN0000743,01/21/2026 17:17:41,USR0021,PC-USR0021-01,Logoff
LGN0000744,01/21/2026 09:52:43,USR0022,PC-USR0022-01,Logon
LGN0000745,01/21/2026 17:26:20,USR0022,PC-USR0022-01,Logoff
LGN0000746,01/21/2026 08:39:30,USR0023,PC-USR0023-01,Logon
LGN0000747,01/21/2026 17:17:15,USR0023,PC-USR0023-01,Logoff
LGN0000748,01/21/2026 08:47:14,USR0024,PC-USR0024-01,Logon
LGN0000749,01/21/2026 18:07:33,USR0024,PC-USR0024-01,Logoff
LGN0000750,01/21/2026 08:46:34,USR0025,PC-USR0025-01,Logon
LGN0000751,01/21/2026 18:11:59,USR0025,PC-USR0025-01,Logoff
LGN0000752,01/22/2026 08:35:25,AAE0190,PC-AAE0190-01,Logon
LGN0000753,01/22/2026 17:28:24,AAE0190,PC-AAE0190-01,Logoff
LGN0000754,01/22/2026 22:19:26,AAE0190,PC-AAE0190-01,Logon
LGN0000755,01/22/2026 09:30:42,USR0002,PC-USR0002-01,Logon
LGN0000756,01/22/2026 18:12:51,USR0002,PC-USR0002-01,Logoff
LGN0000757,01/22/2026 09:35:23,USR0003,PC-USR0003-01,Logon
LGN0000758,01/22/2026 17:12:53,USR0003,PC-USR0003-01,Logoff
LGN0000759,01/22/2026 08:23:16,USR0004,PC-USR0004-01,Logon
LGN0000760,01/22/2026 18:06:29,USR0004,PC-USR0004-01,Logoff
LGN0000761,01/22/2026 09:52:57,USR0005,PC-USR0005-01,Logon
LGN0000762,01/22/2026 17:18:18,USR0005,PC-USR0005-01,Logoff
LGN0000763,01/22/2026 08:39:57,USR0006,PC-USR0006-01,Logon
LGN0000764,01/22/2026 18:22:20,USR0006,PC-USR0006-01,Logoff
LGN0000765,01/22/2026 08:54:57,USR0007,PC-USR0007-01,Logon
LGN0000766,01/22/2026 18:04:27,USR0007,PC-USR0007-01,Logoff
LGN0000767,01/22/2026 09:25:53,USR0008,PC-USR0008-01,Logon
LGN0000768,01/22/2026 18:01:59,USR0008,PC-USR0008-01,Logoff
LGN0000769,01/22/2026 08:26:12,USR0009,PC-USR0009-01,Logon
LGN0000770,01/22/2026 18:13:12,USR0009,PC-USR0009-01,Logoff
LGN0000771,01/22/2026 08:17:36,USR0010,PC-USR0010-01,Logon
LGN0000772,01/22/2026 18:29:24,USR0010,PC-USR0010-01,Logoff
LGN0000773,01/22/2026 09:28:26,USR0011,PC-USR0011-01,Logon
LGN0000774,01/22/2026 17:22:13,USR0011,PC-USR0011-01,Logoff
LGN0000775,01/22/2026 08:51:08,USR0012,PC-USR0012-01,Logon
LGN0000776,01/22/2026 18:30:31,USR0012,PC-USR0012-01,Logoff
LGN0000777,01/22/2026 08:54:09,USR0013,PC-USR0013-01,Logon
LGN0000778,01/22/2026 18:11:44,USR0013,PC-USR0013-01,Logoff
LGN0000779,01/22/2026 08:49:05,USR0014,PC-USR0014-01,Logon
LGN0000780,01/22/2026 18:16:23,USR0014,PC-USR0014-01,Logoff
LGN0000781,01/22/2026 08:50:13,USR0015,PC-USR0015-01,Logon
LGN0000782,01/22/2026 18:07:55,USR0015,PC-USR0015-01,Logoff
LGN0000783,01/22/2026 09:46:26,USR0016,PC-USR0016-01,Logon
LGN0000784,01/22/2026 18:18:12,USR0016,PC-USR0016-01,Logoff
LGN0000785,01/22/2026 09:45:55,USR0017,PC-USR0017-01,Logon
LGN0000786,01/22/2026 18:02:13,USR0017,PC-USR0017-01,Logoff
LGN0000787,01/22/2026 08:34:18,USR0018,PC-USR0018-01,Logon
LGN0000788,01/22/2026 17:29:25,USR0018,PC-USR0018-01,Logoff
LGN0000789,01/22/2026 08:19:20,USR0019,PC-USR0019-01,Logon
LGN0000790,01/22/2026 18:28:57,USR0019,PC-USR0019-01,Logoff
LGN0000791,01/22/2026 09:49:22,USR0020,PC-USR0020-01,Logon
LGN0000792,01/22/2026 17:27:27,USR0020,PC-USR0020-01,Logoff
LGN0000793,01/22/2026 09:34:48,USR0021,PC-USR0021-01,Logon
LGN0000794,01/22/2026 17:10:35,USR0021,PC-USR0021-01,Logoff
LGN0000795,01/22/2026 09:43:26,USR0022,PC-USR0022-01,Logon
LGN0000796,01/22/2026 18:04:44,USR0022,PC-USR0022-01,Logoff
LGN0000797,01/22/2026 09:17:20,USR0023,PC-USR0023-01,Logon
LGN0000798,01/22/2026 18:14:33,USR0023,PC-USR0023-01,Logoff
LGN0000799,01/22/2026 08:16:40,USR0024,PC-USR0024-01,Logon
LGN0000800,01/22/2026 17:00:02,USR0024,PC-USR0024-01,Logoff
LGN0000801,01/22/2026 09:40:20,USR0025,PC-USR0025-01,Logon
LGN0000802,01/22/2026 17:02:23,USR0025,PC-USR0025-01,Logoff
LGN0000803,01/23/2026 09:23:40,AAE0190,PC-AAE0190-01,Logon
LGN0000804,01/23/2026 18:27:46,AAE0190,PC-AAE0190-01,Logoff
LGN0000805,01/23/2026 22:41:00,AAE0190,PC-AAE0190-01,Logon
LGN0000806,01/23/2026 08:46:04,USR0002,PC-USR0002-01,Logon
LGN0000807,01/23/2026 18:06:50,USR0002,PC-USR0002-01,Logoff
LGN0000808,01/23/2026 09:55:41,USR0003,PC-USR0003-01,Logon
LGN0000809,01/23/2026 18:00:54,USR0003,PC-USR0003-01,Logoff
LGN0000810,01/23/2026 08:48:11,USR0004,PC-USR0004-01,Logon
LGN0000811,01/23/2026 18:10:23,USR0004,PC-USR0004-01,Logoff
LGN0000812,01/23/2026 09:43:03,USR0005,PC-USR0005-01,Logon
LGN0000813,01/23/2026 18:02:09,USR0005,PC-USR0005-01,Logoff
LGN0000814,01/23/2026 08:21:50,USR0006,PC-USR0006-01,Logon
LGN0000815,01/23/2026 17:20:51,USR0006,PC-USR0006-01,Logoff
LGN0000816,01/23/2026 08:34:11,USR0007,PC-USR0007-01,Logon
LGN0000817,01/23/2026 17:07:12,USR0007,PC-USR0007-01,Logoff
LGN0000818,01/23/2026 09:16:41,USR0008,PC-USR0008-01,Logon
LGN0000819,01/23/2026 17:24:45,USR0008,PC-USR0008-01,Logoff
LGN0000820,01/23/2026 08:33:03,USR0009,PC-USR0009-01,Logon
LGN0000821,01/23/2026 17:04:54,USR0009,PC-USR0009-01,Logoff
LGN0000822,01/23/2026 09:32:56,USR0010,PC-USR0010-01,Logon
LGN0000823,01/23/2026 17:11:18,USR0010,PC-USR0010-01,Logoff
LGN0000824,01/23/2026 09:42:52,USR0011,PC-USR0011-01,Logon
LGN0000825,01/23/2026 18:14:04,USR0011,PC-USR0011-01,Logoff
LGN0000826,01/23/2026 08:26:20,USR0012,PC-USR0012-01,Logon
LGN0000827,01/23/2026 17:13:27,USR0012,PC-USR0012-01,Logoff
LGN0000828,01/23/2026 09:18:34,USR0013,PC-USR0013-01,Logon
LGN0000829,01/23/2026 17:18:42,USR0013,PC-USR0013-01,Logoff
LGN0000830,01/23/2026 09:51:37,USR0014,PC-USR0014-01,Logon
LGN0000831,01/23/2026 18:06:37,USR0014,PC-USR0014-01,Logoff
LGN0000832,01/23/2026 09:20:37,USR0015,PC-USR0015-01,Logon
LGN0000833,01/23/2026 17:17:21,USR0015,PC-USR0015-01,Logoff
LGN0000834,01/23/2026 09:45:35,USR0016,PC-USR0016-01,Logon
LGN0000835,01/23/2026 17:11:44,USR0016,PC-USR0016-01,Logoff
LGN0000836,01/23/2026 08:29:22,USR0017,PC-USR0017-01,Logon
LGN0000837,01/23/2026 18:28:59,USR0017,PC-USR0017-01,Logoff
LGN0000838,01/23/2026 09:45:34,USR0018,PC-USR0018-01,Logon
LGN0000839,01/23/2026 18:05:08,USR0018,PC-USR0018-01,Logoff
LGN0000840,01/23/2026 09:23:21,USR0019,PC-USR0019-01,Logon
LGN0000841,01/23/2026 18:21:29,USR0019,PC-USR0019-01,Logoff
LGN0000842,01/23/2026 08:16:43,USR0020,PC-USR0020-01,Logon
LGN0000843,01/23/2026 17:16:17,USR0020,PC-USR0020-01,Logoff
LGN0000844,01/23/2026 09:47:17,USR0021,PC-USR0021-01,Logon
LGN0000845,01/23/2026 18:05:42,USR0021,PC-USR0021-01,Logoff
LGN0000846,01/23/2026 08:39:33,USR0022,PC-USR0022-01,Logon
LGN0000847,01/23/2026 17:08:17,USR0022,PC-USR0022-01,Logoff
LGN0000848,01/23/2026 08:45:08,USR0023,PC-USR0023-01,Logon
LGN0000849,01/23/2026 17:08:21,USR0023,PC-USR0023-01,Logoff
LGN0000850,01/23/2026 08:49:08,USR0024,PC-USR0024-01,Logon
LGN0000851,01/23/2026 17:08:20,USR0024,PC-USR0024-01,Logoff
LGN0000852,01/23/2026 08:18:00,USR0025,PC-USR0025-01,Logon
LGN0000853,01/23/2026 17:18:42,USR0025,PC-USR0025-01,Logoff
LGN0000854,01/24/2026 08:26:06,AAE0190,PC-AAE0190-01,Logon
LGN0000855,01/24/2026 18:08:40,AAE0190,PC-AAE0190-01,Logoff
LGN0000856,01/24/2026 22:48:58,AAE0190,PC-AAE0190-01,Logon
LGN0000857,01/25/2026 08:45:17,AAE0190,PC-AAE0190-01,Logon
LGN0000858,01/25/2026 18:20:41,AAE0190,PC-AAE0190-01,Logoff
LGN0000859,01/25/2026 22:25:55,AAE0190,PC-AAE0190-01,Logon
LGN0000860,01/26/2026 09:16:45,AAE0190,PC-AAE0190-01,Logon
LGN0000861,01/26/2026 18:29:31,AAE0190,PC-AAE0190-01,Logoff
LGN0000862,01/26/2026 22:13:01,AAE0190,PC-AAE0190-01,Logon
LGN0000863,01/26/2026 08:30:14,USR0002,PC-USR0002-01,Logon
LGN0000864,01/26/2026 18:29:33,USR0002,PC-USR0002-01,Logoff
LGN0000865,01/26/2026 09:23:50,USR0003,PC-USR0003-01,Logon
LGN0000866,01/26/2026 18:13:08,USR0003,PC-USR0003-01,Logoff
LGN0000867,01/26/2026 08:46:24,USR0004,PC-USR0004-01,Logon
LGN0000868,01/26/2026 18:26:31,USR0004,PC-USR0004-01,Logoff
LGN0000869,01/26/2026 08:51:22,USR0005,PC-USR0005-01,Logon
LGN0000870,01/26/2026 18:26:34,USR0005,PC-USR0005-01,Logoff
LGN0000871,01/26/2026 08:26:17,USR0006,PC-USR0006-01,Logon
LGN0000872,01/26/2026 18:11:28,USR0006,PC-USR0006-01,Logoff
LGN0000873,01/26/2026 08:17:36,USR0007,PC-USR0007-01,Logon
LGN0000874,01/26/2026 18:06:16,USR0007,PC-USR0007-01,Logoff
LGN0000875,01/26/2026 09:29:06,USR0008,PC-USR0008-01,Logon
LGN0000876,01/26/2026 17:01:20,USR0008,PC-USR0008-01,Logoff
LGN0000877,01/26/2026 08:30:27,USR0009,PC-USR0009-01,Logon
LGN0000878,01/26/2026 18:03:42,USR0009,PC-USR0009-01,Logoff
LGN0000879,01/26/2026 09:51:15,USR0010,PC-USR0010-01,Logon
LGN0000880,01/26/2026 17:00:04,USR0010,PC-USR0010-01,Logoff
LGN0000881,01/26/2026 08:32:56,USR0011,PC-USR0011-01,Logon
LGN0000882,01/26/2026 17:19:39,USR0011,PC-USR0011-01,Logoff
LGN0000883,01/26/2026 09:37:03,USR0012,PC-USR0012-01,Logon
LGN0000884,01/26/2026 18:16:23,USR0012,PC-USR0012-01,Logoff
LGN0000885,01/26/2026 08:32:55,USR0013,PC-USR0013-01,Logon
LGN0000886,01/26/2026 17:26:45,USR0013,PC-USR0013-01,Logoff
LGN0000887,01/26/2026 09:35:28,USR0014,PC-USR0014-01,Logon
LGN0000888,01/26/2026 17:12:27,USR0014,PC-USR0014-01,Logoff
LGN0000889,01/26/2026 09:41:12,USR0015,PC-USR0015-01,Logon
LGN0000890,01/26/2026 17:17:53,USR0015,PC-USR0015-01,Logoff
LGN0000891,01/26/2026 09:46:05,USR0016,PC-USR0016-01,Logon
LGN0000892,01/26/2026 18:17:20,USR0016,PC-USR0016-01,Logoff
LGN0000893,01/26/2026 09:39:17,USR0017,PC-USR0017-01,Logon
LGN0000894,01/26/2026 17:15:36,USR0017,PC-USR0017-01,Logoff
LGN0000895,01/26/2026 08:55:00,USR0018,PC-USR0018-01,Logon
LGN0000896,01/26/2026 17:25:40,USR0018,PC-USR0018-01,Logoff
LGN0000897,01/26/2026 08:43:33,USR0019,PC-USR0019-01,Logon
LGN0000898,01/26/2026 17:02:43,USR0019,PC-USR0019-01,Logoff
LGN0000899,01/26/2026 09:45:31,USR0020,PC-USR0020-01,Logon
LGN0000900,01/26/2026 17:18:28,USR0020,PC-USR0020-01,Logoff
LGN0000901,01/26/2026 08:16:10,USR0021,PC-USR0021-01,Logon
LGN0000902,01/26/2026 17:09:30,USR0021,PC-USR0021-01,Logoff
LGN0000903,01/26/2026 09:25:07,USR0022,PC-USR0022-01,Logon
LGN0000904,01/26/2026 17:23:23,USR0022,PC-USR0022-01,Logoff
LGN0000905,01/26/2026 09:44:09,USR0023,PC-USR0023-01,Logon
LGN0000906,01/26/2026 18:28:10,USR0023,PC-USR0023-01,Logoff
LGN0000907,01/26/2026 08:27:10,USR0024,PC-USR0024-01,Logon
LGN0000908,01/26/2026 18:15:27,USR0024,PC-USR0024-01,Logoff
LGN0000909,01/26/2026 09:31:32,USR0025,PC-USR0025-01,Logon
LGN0000910,01/26/2026 18:19:57,USR0025,PC-USR0025-01,Logoff
LGN0000911,01/27/2026 08:16:50,AAE0190,PC-AAE0190-01,Logon
LGN0000912,01/27/2026 17:13:51,AAE0190,PC-AAE0190-01,Logoff
LGN0000913,01/27/2026 22:45:14,AAE0190,PC-AAE0190-01,Logon
LGN0000914,01/27/2026 09:53:37,USR0002,PC-USR0002-01,Logon
LGN0000915,01/27/2026 17:14:51,USR0002,PC-USR0002-01,Logoff
LGN0000916,01/27/2026 08:16:02,USR0003,PC-USR0003-01,Logon
LGN0000917,01/27/2026 18:04:53,USR0003,PC-USR0003-01,Logoff
LGN0000918,01/27/2026 08:49:20,USR0004,PC-USR0004-01,Logon
LGN0000919,01/27/2026 18:15:29,USR0004,PC-USR0004-01,Logoff
LGN0000920,01/27/2026 08:44:48,USR0005,PC-USR0005-01,Logon
LGN0000921,01/27/2026 18:18:30,USR0005,PC-USR0005-01,Logoff
LGN0000922,01/27/2026 08:45:39,USR0006,PC-USR0006-01,Logon
LGN0000923,01/27/2026 18:19:25,USR0006,PC-USR0006-01,Logoff
LGN0000924,01/27/2026 08:15:15,USR0007,PC-USR0007-01,Logon
LGN0000925,01/27/2026 17:06:47,USR0007,PC-USR0007-01,Logoff
LGN0000926,01/27/2026 09:26:20,USR0008,PC-USR0008-01,Logon
LGN0000927,01/27/2026 17:14:05,USR0008,PC-USR0008-01,Logoff
LGN0000928,01/27/2026 09:49:44,USR0009,PC-USR0009-01,Logon
LGN0000929,01/27/2026 18:13:51,USR0009,PC-USR0009-01,Logoff
LGN0000930,01/27/2026 08:17:22,USR0010,PC-USR0010-01,Logon
LGN0000931,01/27/2026 17:07:59,USR0010,PC-USR0010-01,Logoff
LGN0000932,01/27/2026 08:36:06,USR0011,PC-USR0011-01,Logon
LGN0000933,01/27/2026 18:20:49,USR0011,PC-USR0011-01,Logoff
LGN0000934,01/27/2026 08:54:54,USR0012,PC-USR0012-01,Logon
LGN0000935,01/27/2026 18:01:45,USR0012,PC-USR0012-01,Logoff
LGN0000936,01/27/2026 08:52:33,USR0013,PC-USR0013-01,Logon
LGN0000937,01/27/2026 18:23:50,USR0013,PC-USR0013-01,Logoff
LGN0000938,01/27/2026 08:48:42,USR0014,PC-USR0014-01,Logon
LGN0000939,01/27/2026 17:13:14,USR0014,PC-USR0014-01,Logoff
LGN0000940,01/27/2026 08:33:49,USR0015,PC-USR0015-01,Logon
LGN0000941,01/27/2026 17:27:20,USR0015,PC-USR0015-01,Logoff
LGN0000942,01/27/2026 09:18:56,USR0016,PC-USR0016-01,Logon
LGN0000943,01/27/2026 18:16:22,USR0016,PC-USR0016-01,Logoff
LGN0000944,01/27/2026 08:18:56,USR0017,PC-USR0017-01,Logon
LGN0000945,01/27/2026 18:16:21,USR0017,PC-USR0017-01,Logoff
LGN0000946,01/27/2026 09:48:01,USR0018,PC-USR0018-01,Logon
LGN0000947,01/27/2026 18:01:35,USR0018,PC-USR0018-01,Logoff
LGN0000948,01/27/2026 08:52:10,USR0019,PC-USR0019-01,Logon
LGN0000949,01/27/2026 18:06:02,USR0019,PC-USR0019-01,Logoff
LGN0000950,01/27/2026 08:48:48,USR0020,PC-USR0020-01,Logon
LGN0000951,01/27/2026 18:11:28,USR0020,PC-USR0020-01,Logoff
LGN0000952,01/27/2026 08:21:37,USR0021,PC-USR0021-01,Logon
LGN0000953,01/27/2026 18:25:24,USR0021,PC-USR0021-01,Logoff
LGN0000954,01/27/2026 09:18:51,USR0022,PC-USR0022-01,Logon
LGN0000955,01/27/2026 18:24:49,USR0022,PC-USR0022-01,Logoff
LGN0000956,01/27/2026 08:16:49,USR0023,PC-USR0023-01,Logon
LGN0000957,01/27/2026 18:16:58,USR0023,PC-USR0023-01,Logoff
LGN0000958,01/27/2026 08:51:25,USR0024,PC-USR0024-01,Logon
LGN0000959,01/27/2026 17:10:11,USR0024,PC-USR0024-01,Logoff
LGN0000960,01/27/2026 08:49:16,USR0025,PC-USR0025-01,Logon
LGN0000961,01/27/2026 17:16:24,USR0025,PC-USR0025-01,Logoff
LGN0000962,01/28/2026 08:54:35,AAE0190,PC-AAE0190-01,Logon
LGN0000963,01/28/2026 18:21:49,AAE0190,PC-AAE0190-01,Logoff
LGN0000964,01/28/2026 22:19:15,AAE0190,PC-AAE0190-01,Logon
LGN0000965,01/28/2026 08:44:41,USR0002,PC-USR0002-01,Logon
LGN0000966,01/28/2026 17:03:32,USR0002,PC-USR0002-01,Logoff
LGN0000967,01/28/2026 08:46:00,USR0003,PC-USR0003-01,Logon
LGN0000968,01/28/2026 18:01:30,USR0003,PC-USR0003-01,Logoff
LGN0000969,01/28/2026 09:49:19,USR0004,PC-USR0004-01,Logon
LGN0000970,01/28/2026 17:10:56,USR0004,PC-USR0004-01,Logoff
LGN0000971,01/28/2026 08:36:45,USR0005,PC-USR0005-01,Logon
LGN0000972,01/28/2026 17:27:24,USR0005,PC-USR0005-01,Logoff
LGN0000973,01/28/2026 09:22:37,USR0006,PC-USR0006-01,Logon
LGN0000974,01/28/2026 18:24:37,USR0006,PC-USR0006-01,Logoff
LGN0000975,01/28/2026 08:33:12,USR0007,PC-USR0007-01,Logon
LGN0000976,01/28/2026 17:22:05,USR0007,PC-USR0007-01,Logoff
LGN0000977,01/28/2026 09:27:40,USR0008,PC-USR0008-01,Logon
LGN0000978,01/28/2026 17:04:12,USR0008,PC-USR0008-01,Logoff
LGN0000979,01/28/2026 08:52:44,USR0009,PC-USR0009-01,Logon
LGN0000980,01/28/2026 17:04:26,USR0009,PC-USR0009-01,Logoff
LGN0000981,01/28/2026 08:37:46,USR0010,PC-USR0010-01,Logon
LGN0000982,01/28/2026 18:12:45,USR0010,PC-USR0010-01,Logoff
LGN0000983,01/28/2026 09:16:49,USR0011,PC-USR0011-01,Logon
LGN0000984,01/28/2026 18:17:03,USR0011,PC-USR0011-01,Logoff
LGN0000985,01/28/2026 09:33:07,USR0012,PC-USR0012-01,Logon
LGN0000986,01/28/2026 18:26:19,USR0012,PC-USR0012-01,Logoff
LGN0000987,01/28/2026 09:31:00,USR0013,PC-USR0013-01,Logon
LGN0000988,01/28/2026 18:30:35,USR0013,PC-USR0013-01,Logoff
LGN0000989,01/28/2026 08:47:41,USR0014,PC-USR0014-01,Logon
LGN0000990,01/28/2026 18:13:46,USR0014,PC-USR0014-01,Logoff
LGN0000991,01/28/2026 08:19:37,USR0015,PC-USR0015-01,Logon
LGN0000992,01/28/2026 18:15:42,USR0015,PC-USR0015-01,Logoff
LGN0000993,01/28/2026 09:53:10,USR0016,PC-USR0016-01,Logon
LGN0000994,01/28/2026 18:06:29,USR0016,PC-USR0016-01,Logoff
LGN0000995,01/28/2026 09:46:26,USR0017,PC-USR0017-01,Logon
LGN0000996,01/28/2026 17:04:41,USR0017,PC-USR0017-01,Logoff
LGN0000997,01/28/2026 09:36:40,USR0018,PC-USR0018-01,Logon
LGN0000998,01/28/2026 18:02:57,USR0018,PC-USR0018-01,Logoff
LGN0000999,01/28/2026 09:49:52,USR0019,PC-USR0019-01,Logon
LGN0001000,01/28/2026 18:09:00,USR0019,PC-USR0019-01,Logoff
LGN0001001,01/28/2026 09:24:55,USR0020,PC-USR0020-01,Logon
LGN0001002,01/28/2026 18:12:32,USR0020,PC-USR0020-01,Logoff
LGN0001003,01/28/2026 09:33:21,USR0021,PC-USR0021-01,Logon
LGN0001004,01/28/2026 18:03:16,USR0021,PC-USR0021-01,Logoff
LGN0001005,01/28/2026 08:39:47,USR0022,PC-USR0022-01,Logon
LGN0001006,01/28/2026 17:20:20,USR0022,PC-USR0022-01,Logoff
LGN0001007,01/28/2026 09:24:39,USR0023,PC-USR0023-01,Logon
LGN0001008,01/28/2026 17:11:33,USR0023,PC-USR0023-01,Logoff
LGN0001009,01/28/2026 08:17:28,USR0024,PC-USR0024-01,Logon
LGN0001010,01/28/2026 17:11:07,USR0024,PC-USR0024-01,Logoff
LGN0001011,01/28/2026 09:41:25,USR0025,PC-USR0025-01,Logon
LGN0001012,01/28/2026 18:03:35,USR0025,PC-USR0025-01,Logoff
LGN0001013,01/29/2026 09:49:00,AAE0190,PC-AAE0190-01,Logon
LGN0001014,01/29/2026 17:22:34,AAE0190,PC-AAE0190-01,Logoff
LGN0001015,01/29/2026 22:12:42,AAE0190,PC-AAE0190-01,Logon
LGN0001016,01/29/2026 09:38:43,USR0002,PC-USR0002-01,Logon
LGN0001017,01/29/2026 17:03:57,USR0002,PC-USR0002-01,Logoff
LGN0001018,01/29/2026 09:23:50,USR0003,PC-USR0003-01,Logon
LGN0001019,01/29/2026 18:00:44,USR0003,PC-USR0003-01,Logoff
LGN0001020,01/29/2026 09:53:38,USR0004,PC-USR0004-01,Logon
LGN0001021,01/29/2026 18:20:33,USR0004,PC-USR0004-01,Logoff
LGN0001022,01/29/2026 08:35:03,USR0005,PC-USR0005-01,Logon
LGN0001023,01/29/2026 17:11:25,USR0005,PC-USR0005-01,Logoff
LGN0001024,01/29/2026 08:19:49,USR0006,PC-USR0006-01,Logon
LGN0001025,01/29/2026 18:14:20,USR0006,PC-USR0006-01,Logoff
LGN0001026,01/29/2026 09:50:46,USR0007,PC-USR0007-01,Logon
LGN0001027,01/29/2026 17:30:30,USR0007,PC-USR0007-01,Logoff
LGN0001028,01/29/2026 09:16:38,USR0008,PC-USR0008-01,Logon
LGN0001029,01/29/2026 17:27:54,USR0008,PC-USR0008-01,Logoff
LGN0001030,01/29/2026 09:41:28,USR0009,PC-USR0009-01,Logon
LGN0001031,01/29/2026 17:21:52,USR0009,PC-USR0009-01,Logoff
LGN0001032,01/29/2026 08:41:36,USR0010,PC-USR0010-01,Logon
LGN0001033,01/29/2026 18:26:47,USR0010,PC-USR0010-01,Logoff
LGN0001034,01/29/2026 08:22:48,USR0011,PC-USR0011-01,Logon
LGN0001035,01/29/2026 18:13:39,USR0011,PC-USR0011-01,Logoff
LGN0001036,01/29/2026 08:22:56,USR0012,PC-USR0012-01,Logon
LGN0001037,01/29/2026 18:15:06,USR0012,PC-USR0012-01,Logoff
LGN0001038,01/29/2026 09:43:02,USR0013,PC-USR0013-01,Logon
LGN0001039,01/29/2026 17:03:39,USR0013,PC-USR0013-01,Logoff
LGN0001040,01/29/2026 08:15:19,USR0014,PC-USR0014-01,Logon
LGN0001041,01/29/2026 18:05:58,USR0014,PC-USR0014-01,Logoff
LGN0001042,01/29/2026 09:37:11,USR0015,PC-USR0015-01,Logon
LGN0001043,01/29/2026 18:11:39,USR0015,PC-USR0015-01,Logoff
LGN0001044,01/29/2026 08:19:41,USR0016,PC-USR0016-01,Logon
LGN0001045,01/29/2026 18:08:04,USR0016,PC-USR0016-01,Logoff
LGN0001046,01/29/2026 09:35:18,USR0017,PC-USR0017-01,Logon
LGN0001047,01/29/2026 18:01:36,USR0017,PC-USR0017-01,Logoff
LGN0001048,01/29/2026 08:15:17,USR0018,PC-USR0018-01,Logon
LGN0001049,01/29/2026 18:04:34,USR0018,PC-USR0018-01,Logoff
LGN0001050,01/29/2026 09:27:47,USR0019,PC-USR0019-01,Logon
LGN0001051,01/29/2026 17:27:19,USR0019,PC-USR0019-01,Logoff
LGN0001052,01/29/2026 08:22:43,USR0020,PC-USR0020-01,Logon
LGN0001053,01/29/2026 18:10:12,USR0020,PC-USR0020-01,Logoff
LGN0001054,01/29/2026 09:34:35,USR0021,PC-USR0021-01,Logon
LGN0001055,01/29/2026 18:28:29,USR0021,PC-USR0021-01,Logoff
LGN0001056,01/29/2026 08:25:55,USR0022,PC-USR0022-01,Logon
LGN0001057,01/29/2026 17:10:28,USR0022,PC-USR0022-01,Logoff
LGN0001058,01/29/2026 09:23:35,USR0023,PC-USR0023-01,Logon
LGN0001059,01/29/2026 18:21:17,USR0023,PC-USR0023-01,Logoff
LGN0001060,01/29/2026 09:48:11,USR0024,PC-USR0024-01,Logon
LGN0001061,01/29/2026 18:01:11,USR0024,PC-USR0024-01,Logoff
LGN0001062,01/29/2026 09:26:48,USR0025,PC-USR0025-01,Logon
LGN0001063,01/29/2026 18:24:27,USR0025,PC-USR0025-01,Logoff
LGN0001064,01/30/2026 09:54:16,AAE0190,PC-AAE0190-01,Logon
LGN0001065,01/30/2026 17:11:06,AAE0190,PC-AAE0190-01,Logoff
LGN0001066,01/30/2026 22:27:51,AAE0190,PC-AAE0190-01,Logon
LGN0001067,01/30/2026 09:53:19,USR0002,PC-USR0002-01,Logon
LGN0001068,01/30/2026 18:16:30,USR0002,PC-USR0002-01,Logoff
LGN0001069,01/30/2026 08:55:20,USR0003,PC-USR0003-01,Logon
LGN0001070,01/30/2026 17:01:14,USR0003,PC-USR0003-01,Logoff
LGN0001071,01/30/2026 09:33:58,USR0004,PC-USR0004-01,Logon
LGN0001072,01/30/2026 17:23:23,USR0004,PC-USR0004-01,Logoff
LGN0001073,01/30/2026 09:50:21,USR0005,PC-USR0005-01,Logon
LGN0001074,01/30/2026 18:24:06,USR0005,PC-USR0005-01,Logoff
LGN0001075,01/30/2026 08:33:58,USR0006,PC-USR0006-01,Logon
LGN0001076,01/30/2026 18:10:52,USR0006,PC-USR0006-01,Logoff
LGN0001077,01/30/2026 08:40:59,USR0007,PC-USR0007-01,Logon
LGN0001078,01/30/2026 18:16:41,USR0007,PC-USR0007-01,Logoff
LGN0001079,01/30/2026 08:20:36,USR0008,PC-USR0008-01,Logon
LGN0001080,01/30/2026 17:15:15,USR0008,PC-USR0008-01,Logoff
LGN0001081,01/30/2026 08:53:57,USR0009,PC-USR0009-01,Logon
LGN0001082,01/30/2026 18:10:10,USR0009,PC-USR0009-01,Logoff
LGN0001083,01/30/2026 09:39:50,USR0010,PC-USR0010-01,Logon
LGN0001084,01/30/2026 17:08:57,USR0010,PC-USR0010-01,Logoff
LGN0001085,01/30/2026 09:44:54,USR0011,PC-USR0011-01,Logon
LGN0001086,01/30/2026 18:16:07,USR0011,PC-USR0011-01,Logoff
LGN0001087,01/30/2026 09:16:21,USR0012,PC-USR0012-01,Logon
LGN0001088,01/30/2026 17:08:12,USR0012,PC-USR0012-01,Logoff
LGN0001089,01/30/2026 09:26:37,USR0013,PC-USR0013-01,Logon
LGN0001090,01/30/2026 18:16:43,USR0013,PC-USR0013-01,Logoff
LGN0001091,01/30/2026 09:54:36,USR0014,PC-USR0014-01,Logon
LGN0001092,01/30/2026 17:11:40,USR0014,PC-USR0014-01,Logoff
LGN0001093,01/30/2026 09:34:38,USR0015,PC-USR0015-01,Logon
LGN0001094,01/30/2026 17:00:25,USR0015,PC-USR0015-01,Logoff
LGN0001095,01/30/2026 09:45:49,USR0016,PC-USR0016-01,Logon
LGN0001096,01/30/2026 18:29:37,USR0016,PC-USR0016-01,Logoff
LGN0001097,01/30/2026 09:28:52,USR0017,PC-USR0017-01,Logon
LGN0001098,01/30/2026 17:07:12,USR0017,PC-USR0017-01,Logoff
LGN0001099,01/30/2026 09:24:45,USR0018,PC-USR0018-01,Logon
LGN0001100,01/30/2026 18:09:56,USR0018,PC-USR0018-01,Logoff
LGN0001101,01/30/2026 09:41:37,USR0019,PC-USR0019-01,Logon
LGN0001102,01/30/2026 18:05:45,USR0019,PC-USR0019-01,Logoff
LGN0001103,01/30/2026 09:22:28,USR0020,PC-USR0020-01,Logon
LGN0001104,01/30/2026 17:17:25,USR0020,PC-USR0020-01,Logoff
LGN0001105,01/30/2026 09:51:26,USR0021,PC-USR0021-01,Logon
LGN0001106,01/30/2026 18:06:18,USR0021,PC-USR0021-01,Logoff
LGN0001107,01/30/2026 08:29:57,USR0022,PC-USR0022-01,Logon
LGN0001108,01/30/2026 17:29:49,USR0022,PC-USR0022-01,Logoff
LGN0001109,01/30/2026 09:33:42,USR0023,PC-USR0023-01,Logon
LGN0001110,01/30/2026 17:01:48,USR0023,PC-USR0023-01,Logoff
LGN0001111,01/30/2026 09:20:20,USR0024,PC-USR0024-01,Logon
LGN0001112,01/30/2026 18:29:56,USR0024,PC-USR0024-01,Logoff
LGN0001113,01/30/2026 09:18:14,USR0025,PC-USR0025-01,Logon
LGN0001114,01/30/2026 18:20:10,USR0025,PC-USR0025-01,Logoff
