user_id,full_name,email,role,department,manager
AAE0190,User AAE0190,aae0190@dTA.org,Engineer,Engineering,Director Vance
USR0002,User USR0002,usr0002@dTA.org,Analyst,Finance,Director Vance
USR0003,User USR0003,usr0003@dTA.org,Analyst,Finance,Director Vance
USR0004,User USR0004,usr0004@dTA.org,Analyst,Finance,Director Vance
USR0005,User USR0005,usr0005@dTA.org,Analyst,Finance,Director Vance
USR0006,User USR0006,usr0006@dTA.org,Analyst,Finance,Director Vance
USR0007,User USR0007,usr0007@dTA.org,Analyst,Finance,Director Vance
USR0008,User USR0008,usr0008@dTA.org,Analyst,Finance,Director Vance
USR0009,User USR0009,usr0009@dTA.org,Analyst,Finance,Director Vance
USR0010,User USR0010,usr0010@dTA.org,Analyst,Finance,Director Vance
USR0011,User USR0011,usr0011@dTA.org,Analyst,Finance,Director Vance
USR0012,User USR0012,usr0012@dTA.org,Analyst,Finance,Director Vance
USR0013,User USR0013,usr0013@dTA.org,Analyst,Finance,Director Vance
USR0014,User USR0014,usr0014@dTA.org,Analyst,Finance,Director Vance
USR0015,User USR0015,usr0015@dTA.org,Analyst,Finance,Director Vance
USR0016,User USR0016,usr0016@dTA.org,Analyst,Finance,Director Vance
USR0017,User USR0017,usr0017@dTA.org,Analyst,Finance,Director Vance
USR0018,User USR0018,usr0018@dTA.org,Analyst,Finance,Director Vance
USR0019,User USR0019,usr0019@dTA.org,Analyst,Finance,Director Vance
USR0020,User USR0020,usr0020@dTA.org,Analyst,Finance,Director Vance
USR0021,User USR0021,usr0021@dTA.org,Analyst,Finance,Director Vance
USR0022,User USR0022,usr0022@dTA.org,Analyst,Finance,Director Vance
USR0023,User USR0023,usr0023@dTA.org,Analyst,Finance,Director Vance
USR0024,User USR0024,usr0024@dTA.org,Analyst,Finance,Director Vance
USR0025,User USR0025,usr0025@dTA.org,Analyst,Finance,Director Vance
