,after_hours_web_count
KBP0008,15744
HTH0007,15460
GTD0116,13953
DLM0051,12858
SGG0787,11464
TVS0050,11146
FUM0015,10555
HDD0806,10426
BRM0995,10080
HRL0540,10019
LAF0991,9810
KCO0122,9779
HOB0994,9386
HAV0121,9362
TLK0993,9292
DCC0160,8853
AMM0014,8785
JDC0030,8708
BTW0005,8689
DJB0159,8527
COF0120,8431
LAM0911,8209
IWM0816,7801
ATP0662,7771
SOF0808,7745
NKH0807,7708
HSG0818,7645
LJT0817,7596
LRR0148,7594
KCB0815,7519
BBH0810,7492
BWH0813,7459
CMB0912,7425
AQD0820,7391
ACV0812,7349
GKO0078,7238
BJH0811,7197
AJD0074,7160
SBK0161,6878
RAW0915,6852
FDE0117,6806
JBM0350,6425
JLW0053,6180
IRM0931,6136
BTS0011,6122
DIW0118,6014
KRG0158,5891
MDH0686,5859
AKC0924,5668
KMB0922,5662
KBB0189,5610
BMG0917,5539
CRK0916,5505
TRK0914,5504
HDH0928,5495
NGC0058,5455
JMC0925,5443
SRH0155,5438
LBF0214,5435
WBC0192,5396
AMD0077,5373
LBH0942,5344
IYB0918,5337
JCR0921,5336
VFM0814,5331
NGF0157,5316
TSM0927,5250
NHE0919,5216
FIR0920,5203
KKS0119,5197
AMW0392,5145
IAR0694,5025
SER0165,5022
RHL0992,4995
TDJ0998,4901
EWH0191,4863
NCH0179,4856
JIG0128,4798
CAM0681,4795
VCC0396,4767
BWP0202,4669
SPA0141,4608
KAC0124,4595
JKB0126,4581
KRL0062,4552
TJD0996,4529
QJR0688,4495
BTR0403,4479
EIP0997,4475
CCH0685,4459
ASG0692,4451
FAW0032,4424
LNS0989,4404
CWB0065,4401
GNS0178,4394
DLH0029,4386
RVF0201,4384
TTD1000,4381
DIC0988,4366
PEV0323,4363
WIF0691,4351
SAA0999,4340
OLW0689,4340
NWK0215,4331
BSB0990,4329
AIS0405,4299
AIP0394,4295
RTO0313,4285
OJK0233,4281
JJB0127,4250
KAL0395,4242
ADC0391,4231
RNL0695,4227
KVT0028,4213
BAL0044,4212
DJS0682,4208
UCS0227,4176
BTN0061,4164
RVC0232,4152
AMR0318,4148
KKC0683,4141
XBN0229,4134
ADF0397,4110
CCC0393,4107
NGO0690,4106
DZC0228,4094
ALH0402,4091
NKH0979,4072
ECL0930,4072
EIM0156,4067
SRS0231,4047
SAC0687,4040
JER0404,4039
SNS0129,4015
DBS0235,4006
CBG0398,3990
RRA0938,3983
LMF0980,3982
NNS0059,3975
AMR0400,3957
QNF0205,3942
EIS0041,3925
MSD0939,3923
FSB0399,3899
GAF0060,3882
XWD0923,3881
ETR0177,3874
YDN0198,3871
WKD0013,3852
JIM0095,3836
FKB0163,3813
MOH0273,3796
AHC0142,3794
VEB0935,3782
JGM0934,3779
UIR0043,3736
JCC0225,3732
MKS0204,3732
AJH0175,3709
MMG0943,3686
JCR0172,3673
BLL0929,3662
VSA0230,3661
NAF0326,3658
SVL0940,3612
MKL0941,3587
KCF0045,3565
RKF0164,3543
KNB0022,3537
DHM0937,3528
CJK0200,3526
XAA0104,3523
SDO0170,3521
AKR0057,3513
DFR0218,3502
DRR0162,3501
ONL0276,3434
ACC0042,3431
HLM0933,3430
RSM0277,3430
MNS0224,3429
JMK0099,3424
DVW0103,3419
ENL0100,3412
LCC0819,3401
RAG0275,3399
QNP0216,3397
CIM0271,3395
NCE0097,3381
IKR0401,3376
CAM0102,3369
CKH0144,3369
CIM0926,3368
VMJ0147,3360
LDB0090,3342
SGM0021,3286
DVM0265,3281
ATF0274,3275
MBJ0312,3270
ROB0272,3267
AJR0319,3265
FRB0023,3232
SGS0268,3214
BBG0325,3212
KAT0270,3201
ATE0869,3200
OMS0101,3198
ZJS0269,3193
JCG0316,3191
BAH0875,3187
ABC0174,3181
ENC0234,3163
RLG0856,3118
KTG0091,3099
WDO0870,3098
USH0199,3093
RDM0115,3081
NWT0098,3068
CGB0637,3051
EHR0096,3046
XRS0633,3040
HWH0646,3030
MSZ0310,3017
OSH0655,3009
EZT0640,2980
KKW0879,2973
ZSB0649,2956
HCL0651,2948
FGW0853,2929
DKB0631,2929
MCF0327,2928
ESA0642,2919
AGB0643,2913
VLB0647,2913
TUC0632,2911
GQF0659,2909
KMS0657,2907
HVB0037,2903
KLM0639,2901
HCM0267,2893
TLH0648,2889
IIA0092,2885
RHY0079,2884
LNR0656,2881
DID0650,2879
JMW0638,2877
IDO0176,2873
RMS0266,2871
HTF0641,2870
KNW0644,2868
BCM0653,2867
BAJ0654,2865
UBF0645,2864
RUM0880,2862
BAM0636,2849
BER0314,2849
DTT0076,2826
CQW0652,2815
THR0873,2804
SJF0094,2803
RGG0064,2788
KJA0152,2774
SJO0209,2757
LHL0309,2750
WKF0012,2747
HKI0171,2739
BTL0226,2735
MPM0220,2730
CCW0031,2715
SBN0866,2709
ARL0034,2701
NAF0033,2700
LOF0311,2683
TQS0212,2673
WBC0315,2672
KCS0173,2645
UFK0208,2595
KBS0874,2593
MKP0861,2559
AMV0036,2540
JDB0169,2523
EMS0317,2523
COM0321,2491
MSO0222,2480
RNP0211,2470
CLF0852,2469
IMG0320,2458
ZJE0857,2456
FLM0213,2450
MCJ0324,2448
MCS0035,2444
ZDW0859,2418
MCD0125,2410
MSH0040,2397
MAW0166,2395
WAB0143,2392
MAH0864,2386
JCW0858,2346
CEB0210,2337
JRG0207,2307
FQA0854,2287
CTR0341,2278
WXH0872,2267
CPG0322,2257
PLH0862,2257
HSB0196,2253
NSS0876,2250
RSC0089,2239
CAH0936,2215
JJM0203,2208
YWW0660,2198
TEM0093,2181
HDD0789,2178
CCM0855,2176
OCS0865,2170
CCA0046,2138
BVC0790,2135
ASS0206,2120
AJR0932,2119
RHO0732,2113
LAP0338,2112
LTS0860,2103
AAE0190,2051
AKW0167,2048
SVS0871,2042
GRM0868,2032
CCR0863,2023
MSS0001,1977
DMK0257,1953
BBS0039,1932
TDS0984,1928
MOS0047,1911
CSH0626,1906
PES0085,1891
ESR0693,1881
AAM0658,1869
VAA0087,1869
NOB0181,1867
HPM0986,1865
IJW0851,1840
YIC0195,1824
VSS0154,1813
CSP0197,1781
IAT0263,1748
WAS0254,1708
BLB0114,1686
JTM0223,1679
EMW0105,1679
JOL0024,1675
TOR0193,1671
SDB0106,1658
ALC0788,1638
NBH0256,1608
OKC0107,1602
PDW0259,1568
HCL0113,1568
BDV0168,1563
CEJ0109,1559
DBG0261,1550
MIL0255,1540
CRO0027,1534
DFH0188,1524
OYM0026,1514
ZSK0258,1510
AOS0987,1504
DOL0332,1501
JGT0221,1500
PMC0328,1499
ZMC0284,1485
CCH0182,1484
MAE0331,1479
RHC0335,1472
KDT0346,1463
SHR0334,1462
HAC0282,1461
RJB0088,1457
HRB0351,1456
IUY0279,1446
JMB0308,1441
HWM0342,1439
CGF0337,1437
CXC0336,1437
AHG0634,1433
OQH0183,1420
ABC0253,1408
JSH0330,1406
NAR0981,1405
ESH0283,1405
SJC0333,1398
AIP0982,1398
SSS0345,1397
SAT0194,1389
HAD0246,1377
ORG0339,1358
AGB0186,1358
GTD0219,1348
NHH0185,1344
CSJ0340,1341
HGN0287,1339
AKK0329,1336
KBL0260,1335
PKB0281,1334
POB0343,1325
HAM0985,1308
IEB0153,1290
HCC0344,1247
SNC0187,1241
YCE0983,1240
HWY0038,1191
CSC0217,1179
EHB0420,1153
SBD0913,1152
MHH0180,1125
BBS0422,1117
HFB0347,1034
MAS0025,1032
BXJ0010,1032
PID0426,1002
PGH0184,980
BMS0877,973
KWC0004,944
SAP0867,931
LIM0674,923
VIA0063,912
HJA0018,911
PGC0066,909
PTH0830,886
JAJ0849,885
GCL0016,860
HIW0536,855
DIB0285,848
BEH0615,794
QOS0878,791
AHD0848,790
MGS0974,784
AOK0844,782
NKP0236,781
SSR0278,770
HRD0635,768
HPH0075,767
MDM0976,763
WPE0538,737
CTA0020,734
NMS0280,733
TEM0977,732
IBP0883,728
IBS0836,728
BIS0247,718
QPM0727,717
DRR0242,712
SDF0017,710
CHM0821,709
KVS0425,707
ILC0838,705
FRR0832,704
AJC0840,702
AAN0823,701
MNR0829,700
ABM0845,699
ADD0846,699
FHS0837,698
CAN0842,692
NNA0610,691
RZC0746,690
MBW0809,688
PMV0850,687
MSG0839,683
WGR0833,683
AOB0019,682
ELB0847,681
GZC0735,679
NAH0503,679
HKF0831,675
JRF0835,674
IJR0825,672
AES0827,671
ALD0544,660
CNE0352,659
CQH0730,654
GCR0554,648
ECR0822,648
IHK0841,648
SBN0971,647
BMC0547,642
SCF0608,641
MYD0978,639
ANP0555,639
GLR0975,638
LJB0826,637
CGA0629,635
DPM0423,633
KJW0416,631
LCD0622,629
HGG0240,629
DPS0262,629
LOM0086,627
HBO0413,626
JBD0616,624
ABN0239,620
HRW0550,620
DGW0752,615
IIW0249,615
SOG0411,615
CAB0614,615
NDM0417,614
AHM0410,612
JPW0741,612
SBH0537,610
DMM0623,608
HKR0628,606
RDT0424,600
FHO0630,599
MLM0950,598
MES0407,597
HVF0067,597
KMW0545,596
DCH0843,594
MDM0625,592
HWW0436,590
DSB0731,588
BNG0237,582
LLV0602,581
BJM0111,580
MIC0726,577
HCW0419,572
AJN0607,572
BAM0611,572
HDL0748,570
JJH0613,568
PRM0740,567
HKB0418,565
RGN0408,565
VMJ0546,563
LFS0071,562
JOM0750,560
PMJ0564,560
BJW0619,558
PTH0552,557
KQS0415,557
KBG0549,556
HIA0414,550
NCK0421,548
WIQ0567,548
CCL0068,546
KJM0887,542
BMM0112,542
IBB0359,539
PBP0002,538
ARB0881,536
NBC0412,535
FBW0747,534
CJP0952,532
CAA0612,527
KDS0349,526
AIM0627,525
WSR0241,524
LJJ0905,522
RCC0617,522
KJS0618,521
TET0621,521
MLD0755,521
SED0886,519
TAP0551,514
CFW0264,514
AIH0675,514
CNB0900,513
KRM0541,512
KES0729,512
MAD0753,511
GQP0743,511
BNR0965,508
UJC0737,507
EDA0684,506
AIB0948,506
ABH0663,506
GTD0898,505
VCY0751,504
JAD0609,502
CSL0949,502
EFS0882,501
LEM0605,501
GCC0744,500
EGK0893,499
NIH0969,498
LHB0967,497
QRM0739,497
ELH0960,495
WNB0908,494
EJW0884,493
EZH0736,492
RKD0604,492
JML0909,491
ILH0958,489
TDG0962,488
NRD0548,486
IJM0444,483
GCG0951,479
XHG0902,479
GNZ0953,478
FSC0601,478
TSG0906,477
ZKS0899,476
QCH0110,476
OHC0973,475
CLD0894,475
SXM0895,474
LRW0970,473
LCB0664,473
NAB0903,473
HJB0742,472
WVB0539,471
MTB0620,471
KSP0966,470
GCC0945,468
CFG0959,466
LUR0896,464
FTM0406,464
MJS0890,464
TMA0069,463
FXF0957,463
OMM0944,458
BAK0964,458
ESJ0670,457
NMB0972,457
ASV0946,456
JAM0382,455
MIB0904,455
GMF0738,453
DOP0562,451
SIJ0661,443
GBM0603,442
FPC0954,438
VTT0385,437
JZD0888,437
RGH0728,436
GJT0386,435
JHP0583,432
ECF0828,432
MFV0897,426
OBH0499,423
AVM0947,423
ARB0834,422
CAB0388,422
CJV0286,417
BYP0070,416
MHG0733,413
RAS0432,407
MAR0955,406
TSR0676,406
JNJ0556,405
JDF0593,403
GOK0238,402
TNM0961,399
CSB0080,396
ETR0428,394
ANM0123,393
KJG0910,393
EBC0390,392
RFP0380,392
JMH0543,392
GAF0570,390
JTS0389,384
NJB0243,384
JPA0667,382
SMW0084,377
WTF0387,376
PPF0435,375
ASG0048,374
RAH0440,372
CEL0561,366
CJF0802,365
DDM0579,364
EPW0434,361
MPT0376,360
ASL0378,356
DSM0591,356
SHW0578,355
KWE0082,354
ORM0669,353
NCO0666,353
PGO0433,352
DAL0673,351
BCB0679,351
GCS0571,351
ZCF0590,349
DBB0384,349
JCV0245,347
ASM0575,347
WDV0573,344
DLF0377,341
SAH0599,341
ASD0577,340
CKD0680,340
ICS0956,338
FFC0891,336
DGF0443,336
LDM0587,335
RMW0542,335
SOB0586,334
DAG0558,333
BSA0431,332
SSJ0784,330
IBM0671,330
NSC0597,329
HPR0585,329
KPC0073,329
BCR0581,328
TJG0582,327
MVF0594,326
DTP0379,326
SSG0250,325
MLL0598,324
EHB0824,323
SAC0592,323
HXL0968,322
WJD0576,321
PKB0429,318
JNA0559,316
MJB0588,316
MLP0668,316
JFC0557,316
ALB0892,315
HGH0595,315
JRL0574,315
WTR0563,314
BLS0678,313
RRP0568,313
CLB0774,308
MHG0244,307
ONW0083,302
ANT0430,302
DLS0383,301
HAH0248,299
CKB0427,298
MDH0580,296
ARA0252,293
RJM0381,293
BSH0445,292
OKB0439,287
KNG0672,286
KSH0569,285
MCF0600,282
TEB0251,278
WLV0566,278
BIH0745,273
KLH0596,268
JKJ0698,266
WRM0963,266
HMM0108,265
MBG0438,250
IUB0565,249
BTL0722,233
RLB0719,229
CQH0701,224
NJC0705,223
SLT0907,222
JJB0700,221
SEJ0677,215
XLB0710,214
CKP0721,213
MBR0724,212
AAW0353,211
MNC0717,210
EHD0584,209
MIM0712,209
RYB0718,208
FWM0707,206
EGD0409,206
YJV0699,204
AKF0709,202
PDH0716,201
AJP0723,199
KQC0708,198
DIB0081,198
CLH0703,193
RAB0589,189
CTR0697,186
AAL0706,184
PLH0715,180
BRS0734,177
MCT0720,175
MKG0711,175
GDF0704,174
IBB0696,173
HMW0713,172
CFM0767,161
RRC0553,160
CJH0702,159
OLB0749,150
RAM0447,147
BDB0453,138
EDB0714,132
LHB0606,131
CRD0624,125
IKP0472,118
LQC0479,116
PNH0761,116
TSB0437,112
LDG0459,111
JKF0465,109
SCP0130,106
WDD0366,102
ZFM0468,102
AJL0462,101
AAV0450,98
CAC0889,97
NUL0471,96
HDJ0446,96
JMD0520,95
ORB0473,91
MKW0441,89
BSS0463,87
BSS0369,87
TPH0474,86
CRP0456,85
AMH0464,85
HSD0457,85
TBT0461,85
RAR0725,85
CCM0467,85
CJG0470,85
MLG0475,84
JLM0364,81
ERH0449,81
LDD0560,78
GZB0469,78
BHW0458,77
SJW0451,76
KPP0452,73
THD0448,67
CMS0454,67
DAR0885,61
HJS0072,59
GHL0460,57
ESH0135,54
KJJ0293,54
AMJ0297,54
JCR0289,53
TIW0299,53
ZSL0305,52
GHH0288,52
ILR0304,51
SMH0291,51
TAC0300,50
BJP0134,50
NRF0137,50
NLO0131,50
HSP0290,49
GJD0298,48
IJM0139,46
CCM0136,46
TJB0302,45
CJM0138,41
CLS0296,39
FEB0306,39
MTT0901,39
LPH0572,39
CAS0507,39
APG0307,38
JKM0303,38
ICH0294,38
SGB0140,36
NCK0295,36
JJH0292,35
DGM0754,31
PSF0133,31
EGD0132,26
PNL0301,25
FMG0527,23
LJR0523,19
JRH0455,13
AAS0442,13
EAH0466,10
