,after_hours_email_count
KBP0008,1338
GTD0116,1326
DLM0051,1179
HTH0007,1169
SGG0787,1101
HRL0540,1045
FUM0015,1021
HDD0806,967
HOB0994,901
TLK0993,879
TVS0050,876
KCO0122,865
LAF0991,862
LAM0911,856
DCC0160,849
DJB0159,835
COF0120,820
BRM0995,816
JDC0030,798
CMB0912,797
GKO0078,773
HAV0121,770
BTW0005,752
ACV0812,749
LJT0817,747
AMM0014,727
LRR0148,727
BWH0813,724
IWM0816,720
HSG0818,711
SBK0161,705
BBH0810,684
ATP0662,677
WBC0192,677
SOF0808,664
NKH0807,657
AJD0074,649
AQD0820,639
SRH0155,628
BJH0811,622
JLW0053,618
AMW0392,605
DIW0118,602
KCB0815,602
IRM0931,599
FDE0117,592
RAW0915,591
KMB0922,590
KBB0189,589
AMD0077,585
JBM0350,574
AKC0924,572
VFM0814,560
NGC0058,553
TSM0927,548
CRK0916,547
KRG0158,544
SER0165,542
NGF0157,537
FAW0032,528
RHL0992,515
BMG0917,513
RVF0201,507
MDH0686,500
JMC0925,489
LBF0214,487
NCH0179,481
HDH0928,480
JGM0934,480
WIF0691,478
VCC0396,476
LBH0942,471
IAR0694,470
FIR0920,470
EWH0191,469
AIP0394,468
RVC0232,467
CCC0393,466
TDJ0998,464
JKB0126,464
NHE0919,462
TRK0914,460
KCF0045,460
BSB0990,459
SGM0021,453
LNS0989,449
TJD0996,446
XWD0923,445
JIG0128,440
JCR0921,436
UIR0043,435
KKS0119,435
DHM0937,435
BTS0011,433
CCH0685,432
KAC0124,430
NNS0059,429
ALH0402,427
JER0404,424
JCR0172,423
SAA0999,423
ADF0397,422
QJR0688,422
KRL0062,421
SAC0687,419
SRS0231,417
DLH0029,417
KVT0028,416
NAF0326,416
JJB0127,416
VMJ0147,415
DFR0218,410
OJK0233,410
UCS0227,407
EIP0997,407
DIC0988,405
KNB0022,405
SPA0141,405
BTR0403,403
QNF0205,403
XAA0104,402
RSM0277,401
ASG0692,400
CWB0065,399
TQS0212,399
YDN0198,397
BLL0929,396
ETR0177,394
BTN0061,394
IYB0918,394
NGO0690,392
SNS0129,391
CAM0102,390
CAM0681,389
SJO0209,388
DJS0682,387
AMR0400,386
RRA0938,385
LMF0980,384
ONL0276,383
FKB0163,382
MOH0273,381
PEV0323,379
DBS0235,378
MBJ0312,377
JIM0095,377
UFK0208,374
GNS0178,373
MKL0941,371
EIM0156,371
ADC0391,370
DZC0228,369
QNP0216,368
TTD1000,368
GAF0060,366
OLW0689,364
BAL0044,364
CJK0200,362
MNS0224,362
NKH0979,360
RNL0695,360
AIS0405,359
ECL0930,358
FSB0399,357
MKS0204,357
FRB0023,355
IDO0176,355
RTO0313,354
SJF0094,354
KKC0683,353
JCC0225,353
VEB0935,351
JMK0099,351
CBG0398,350
EIS0041,349
LCC0819,346
AMR0318,346
ATE0869,345
HVB0037,342
RAG0275,340
MCF0327,339
KMS0657,338
MKP0861,337
XBN0229,336
ACC0042,336
KAL0395,335
JCG0316,335
MSD0939,332
DKB0631,332
OMS0101,330
ROB0272,330
WKD0013,330
FLM0213,329
AJR0319,329
HLM0933,328
RDM0115,327
ENC0234,325
DTT0076,325
AHC0142,323
VSA0230,323
AJH0175,318
AMV0036,317
BBG0325,316
MMG0943,314
KBS0874,314
KTG0091,313
VLB0647,312
KLM0639,312
OCS0865,311
LDB0090,309
SGS0268,309
DVM0265,309
BCM0653,308
IMG0320,308
BWP0202,308
DRR0162,307
NWT0098,307
LNR0656,306
WBC0315,303
RNP0211,303
EMS0317,303
RKF0164,302
BAJ0654,302
ATF0274,301
KAT0270,301
IKR0401,301
JMW0638,301
ENL0100,299
SVL0940,296
CGB0637,296
ZSB0649,296
DID0650,293
HCL0651,292
UBF0645,292
TUC0632,291
BAM0636,291
CQW0652,290
LTS0860,290
GQF0659,289
WKF0012,289
AGB0643,289
EZT0640,289
MAW0166,288
KNW0644,288
HTF0641,287
ZJE0857,287
HWH0646,286
USH0199,286
HKI0171,285
LHL0309,285
SDO0170,285
XRS0633,284
NWK0215,283
AKR0057,283
RGG0064,282
TLH0648,280
LOF0311,280
CCR0863,279
RLG0856,278
ABC0174,277
MAH0864,276
ARL0034,276
ESA0642,276
CIM0926,276
OSH0655,275
PES0085,272
ASS0206,271
DVW0103,271
RHY0079,270
NCE0097,270
MSS0001,269
KCS0173,268
CKH0144,264
CPG0322,261
CLF0852,261
THR0873,259
IIA0092,258
MSZ0310,258
CSP0197,258
HPM0986,257
CCW0031,257
SBN0866,256
MCJ0324,255
AAE0190,255
CIM0271,255
MCS0035,255
HCM0267,254
HSB0196,254
IJW0851,252
RMS0266,251
KJA0152,250
MSH0040,247
CEB0210,245
KKW0879,244
BTL0226,243
FQA0854,242
MCD0125,242
NAF0033,239
CTR0341,239
EHR0096,237
AKW0167,236
ZDW0859,235
JDB0169,233
WAB0143,233
BER0314,233
CAH0936,230
JCW0858,228
PDW0259,225
NSS0876,223
TEM0093,223
ZJS0269,221
BVC0790,220
HDD0789,219
PLH0862,216
LAP0338,216
SDB0106,214
JJM0203,211
CCA0046,210
GRM0868,209
YWW0660,207
NOB0181,206
JRG0207,205
WDO0870,204
BLB0114,204
TOR0193,204
BAH0875,203
AAM0658,202
COM0321,202
MPM0220,201
CGF0337,193
SAT0194,190
NAR0981,189
RUM0880,189
WXH0872,189
OKC0107,188
NBH0256,188
DMK0257,187
AJR0932,187
TDS0984,187
RSC0089,186
IUY0279,185
VAA0087,184
ESR0693,183
KWC0004,179
CCM0855,179
AOS0987,177
MOS0047,176
JTM0223,176
HAM0985,174
JOL0024,173
ESH0283,173
EMW0105,171
ALC0788,171
HCL0113,170
KDT0346,169
SHR0334,169
DOL0332,168
HRB0351,165
RJB0088,165
FGW0853,164
ZSK0258,164
VSS0154,162
BBS0039,162
OYM0026,161
WAS0254,159
CCH0182,158
SVS0871,157
NHH0185,155
IAT0263,155
ABC0253,155
CXC0336,154
SJC0333,154
CRO0027,153
MSO0222,153
MIL0255,152
CEJ0109,150
JSH0330,148
RHC0335,148
DFH0188,148
HGN0287,147
YIC0195,147
BXJ0010,144
PMC0328,143
DBG0261,143
AHG0634,141
BDV0168,140
HWY0038,138
GTD0219,138
HWM0342,137
ORG0339,136
AIP0982,134
SSS0345,133
YCE0983,132
HCC0344,131
AGB0186,131
JGT0221,130
IEB0153,129
VCY0751,128
POB0343,128
AKK0329,128
HAC0282,128
MAE0331,127
DIB0285,126
CSC0217,125
SBD0913,125
GLR0975,124
GCL0016,123
MGS0974,123
ZMC0284,122
CSJ0340,120
OQH0183,119
RZC0746,119
BEH0615,116
SAP0867,115
HFB0347,115
CTA0020,114
SNC0187,114
PKB0281,114
HPH0075,114
JBD0616,114
KBL0260,113
ALD0544,111
BBS0422,111
JMB0308,109
EHB0420,108
HAD0246,107
DRR0242,104
HIW0536,103
PGH0184,102
GZC0735,101
MAS0025,100
QPM0727,100
KJW0416,98
ABN0239,98
MDM0976,97
GCC0744,96
DMM0623,96
MHH0180,96
WPE0538,95
VIA0063,94
HJA0018,93
CGA0629,92
DPM0423,92
PGC0066,92
HCW0419,90
AHM0410,89
AIM0627,89
KMW0545,89
SSR0278,89
BJW0619,88
HRW0550,86
ANP0555,85
BMS0877,85
VMJ0546,84
AOB0019,83
HBO0413,83
HJB0742,82
HKR0628,82
NMS0280,82
TMA0069,82
FTM0406,82
GCR0554,82
CSH0626,81
LLV0602,81
NNA0610,80
CAB0614,79
RDT0424,78
HGG0240,78
MDM0625,77
HIA0414,77
LCD0622,76
BYP0070,75
SDF0017,75
NKP0236,74
JAD0609,74
MHG0733,74
KBG0549,73
NDM0417,72
HVF0067,72
PTH0552,72
ESJ0670,72
HRD0635,72
CNE0352,71
PPF0435,71
SSG0250,71
FHO0630,70
ASG0048,70
SOG0411,70
EZH0736,69
RGH0728,69
NBC0412,69
QRM0739,69
MBW0809,69
JPW0741,69
AOK0844,68
SIJ0661,68
DGW0752,68
FSC0601,68
JJH0613,68
LFS0071,68
ETR0428,68
BAM0611,68
AAN0823,67
DPS0262,67
WNB0908,67
KQS0415,66
PTH0830,66
FRR0832,66
PID0426,65
FBW0747,65
SCF0608,65
EFS0882,65
CCL0068,65
GJT0386,65
DOP0562,64
MSG0839,64
MYD0978,63
SED0886,63
KDS0349,63
NCK0421,62
AHD0848,62
MES0407,62
BJM0111,62
HKF0831,62
JAJ0849,62
QOS0878,62
JAM0382,61
LJJ0905,60
RHO0732,60
KVS0425,60
BMM0112,60
DAG0558,60
MLD0755,60
BNG0237,59
LOM0086,59
ABH0663,59
ZKS0899,59
KRM0541,59
DTP0379,58
RAS0432,58
MJS0890,58
BMC0547,58
AES0827,58
CNB0900,58
WDV0573,58
JML0909,58
CSB0080,57
XHG0902,57
AJC0840,57
HKB0418,57
ELB0847,57
LIM0674,56
KWE0082,56
NRD0548,56
PMV0850,56
WLV0566,56
DSB0731,56
WSR0241,56
BSA0431,56
IJR0825,56
JNJ0556,56
CAN0842,55
GAF0570,55
JRF0835,55
LCB0664,54
NAB0903,54
GOK0238,54
IBS0836,54
JZD0888,54
IHK0841,54
ARB0881,54
ADD0846,53
HDL0748,53
QCH0110,53
IIW0249,53
EDA0684,52
FHS0837,52
KJG0910,52
TEM0977,52
UJC0737,52
NMB0972,52
LJB0826,52
KJS0618,51
RCC0617,51
ECR0822,51
SMW0084,51
TDG0962,51
GBM0603,51
CHM0821,50
ABM0845,50
RJM0381,50
EJW0884,50
RGN0408,49
AJN0607,49
SBH0537,49
MFV0897,49
VTT0385,49
ASV0946,49
RFP0380,49
DLF0377,49
OMM0944,48
PBP0002,48
PRM0740,48
KJM0887,48
ONW0083,48
LEM0605,48
IBP0883,48
SXM0895,47
JCV0245,47
WVB0539,47
WTR0563,47
MNR0829,47
JFC0557,47
WIQ0567,47
TSG0906,46
HWW0436,46
PKB0429,46
JPA0667,46
GQP0743,46
CQH0730,46
ILC0838,46
SBN0971,46
PGO0433,46
MHG0244,46
WGR0833,46
GTD0898,46
KNG0672,45
MPT0376,45
TSR0676,45
CAA0612,45
TET0621,45
DCH0843,44
MLM0950,44
CJP0952,44
BNR0965,44
NCO0666,44
CFG0959,43
PMJ0564,43
JTS0389,43
NIH0969,43
MIB0904,43
AVM0947,42
GNZ0953,42
DIB0081,42
ARA0252,42
KES0729,42
CLD0894,42
CKD0680,42
JNA0559,42
RMW0542,41
CJV0286,41
JMH0543,41
AIB0948,41
ELH0960,41
RRP0568,40
LRW0970,40
TAP0551,40
NJB0243,39
KSP0966,39
DLS0383,39
JOM0750,39
EBC0390,39
WTF0387,39
GCG0951,39
DGF0443,39
ASL0378,39
ANM0123,38
TNM0961,38
MIC0726,38
FPC0954,38
MAD0753,38
MTB0620,38
RAH0440,38
GCC0945,38
ALB0892,37
ILH0958,37
NSC0597,37
DAL0673,36
ANT0430,36
OKB0439,36
ECF0828,36
EGK0893,36
EPW0434,35
MLP0668,35
BAK0964,35
CFW0264,34
TEB0251,34
FXF0957,34
BIS0247,33
MJB0588,33
LUR0896,33
OHC0973,33
IJM0444,33
HAH0248,32
JHP0583,32
AIH0675,32
ARB0834,32
KPC0073,32
JDF0593,32
BSH0445,32
SAH0599,31
DSM0591,31
DBB0384,31
IBM0671,31
MCF0600,31
WJD0576,30
MVF0594,30
KSH0569,30
LHB0967,29
JRL0574,29
CAB0388,28
ASM0575,28
MKG0711,28
CEL0561,27
LDM0587,27
SEJ0677,27
CKB0427,27
MAR0955,27
HPR0585,27
ICS0956,27
ZCF0590,27
HXL0968,26
BCR0581,26
MCT0720,26
MLL0598,26
BRS0734,25
GCS0571,25
TJG0582,25
SOB0586,24
SAC0592,24
AAW0353,24
WRM0963,24
BCB0679,23
CSL0949,23
GMF0738,23
JKJ0698,23
DDM0579,23
ORM0669,23
MDH0580,23
IBB0696,23
HGH0595,23
BTL0722,22
YJV0699,22
ASD0577,22
MBR0724,22
CKP0721,21
FWM0707,21
RLB0719,21
AKF0709,21
EGD0409,21
MNC0717,20
SHW0578,20
MBG0438,20
HMM0108,20
IUB0565,20
JJB0700,20
OLB0749,19
CTR0697,19
RRC0553,18
RAB0589,18
PDH0716,17
SLT0907,17
PLH0715,17
FFC0891,17
RKD0604,17
AAL0706,17
KLH0596,17
CQH0701,16
CLH0703,16
BLS0678,15
TSB0437,15
HMW0713,15
MIM0712,15
EHD0584,15
KQC0708,15
NJC0705,15
AMH0464,14
EHB0824,14
SCP0130,14
RYB0718,14
RAM0447,14
AJP0723,13
CJH0702,13
GDF0704,12
CAC0889,12
AJL0462,12
XLB0710,12
DGM0754,12
RAR0725,11
EDB0714,11
MKW0441,11
BDB0453,10
BSS0463,10
TAC0300,10
HJS0072,10
TPH0474,10
CCM0136,10
THD0448,9
JKF0465,9
LDD0560,9
ILR0304,8
GZB0469,8
CMS0454,8
NUL0471,8
BIH0745,8
CJG0470,8
TBT0461,8
CRP0456,8
ZFM0468,8
BJP0134,7
SMH0291,7
IKP0472,7
ORB0473,7
MLG0475,7
ERH0449,6
CRD0624,6
GHH0288,6
ICH0294,6
ZSL0305,6
DAR0885,6
HSD0457,5
NCK0295,5
HSP0290,5
CCM0467,5
HDJ0446,5
BHW0458,5
SJW0451,5
LDG0459,5
NLO0131,5
TJB0302,4
GHL0460,4
KPP0452,4
JJH0292,4
CLS0296,4
JKM0303,4
NRF0137,4
KJJ0293,4
IJM0139,3
TIW0299,3
EGD0132,3
GJD0298,3
JCR0289,2
AMJ0297,2
FBA0348,2
PNL0301,2
LPH0572,2
FEB0306,2
AAV0450,2
SGB0140,2
LHB0606,1
AAS0442,1
APG0307,1
EAH0466,1
JRH0455,1
PSF0133,1
CJM0138,1
