user,after_hours_file_count
AJF0370,2368
EIS0041,2266
IBB0359,2130
HDS0367,2095
BAL0044,2061
MPM0220,1696
DLM0051,1559
BSS0369,1301
CCA0046,1236
BMG0917,1129
MOS0047,1099
SAA0999,1038
LBH0942,1016
WIF0691,980
XWD0923,925
GTD0219,761
MOH0273,748
CGB0637,672
AVM0947,656
BAJ0654,609
HRL0540,556
KCO0122,477
DFH0188,449
LJT0817,408
HCM0267,380
ILH0958,315
THR0873,277
HSB0196,268
BJM0111,258
JDB0169,226
HDH0928,222
MLM0950,215
AOK0844,215
HCL0651,205
CQW0652,181
KMB0922,177
VCC0396,177
BRM0995,174
CLB0774,167
SGM0021,165
GNS0178,164
ZKS0899,153
IRM0931,152
HFB0347,149
CIM0271,148
OLW0689,147
AIB0948,140
CHM0821,138
AIP0982,116
NOB0181,106
RAW0915,104
MCF0600,102
LRR0148,97
RHL0992,95
IBS0836,87
DIW0118,87
QJR0688,84
SNC0187,83
CAM0681,79
BWP0202,78
LCC0819,77
JDC0030,76
RNP0211,72
MAR0955,69
GKO0078,68
RUM0880,66
TDS0984,63
AJD0074,62
PMV0850,61
JHP0583,61
SBN0866,57
ATP0662,57
MAS0025,55
KLH0596,53
NWT0098,51
LBF0214,51
DMK0257,49
RKD0604,49
AKR0057,49
AJR0932,47
BTR0403,46
JCG0316,46
RSC0089,45
VIA0063,44
NAF0326,43
IKR0401,42
CAH0936,42
BIH0745,41
TNM0961,41
GHL0460,41
DRR0162,40
XAA0104,40
JJM0203,39
DCH0843,38
QRM0739,37
BDV0168,36
PMC0328,34
JNJ0556,34
FTM0406,33
ESH0283,31
AAM0658,31
HPH0075,31
FFC0891,30
AHD0848,30
JRG0207,27
VSA0230,27
MBJ0312,27
RSM0277,27
ABC0174,26
KKW0879,26
JMD0520,26
MCD0125,25
JDF0593,25
NGF0157,25
RHO0732,24
SBN0971,24
BVC0790,24
CAS0507,24
FMG0527,23
VFM0814,23
LQC0479,22
BJP0134,22
JMK0099,21
RLG0856,21
ESR0693,21
MDH0580,21
HXL0968,21
TAP0551,21
WBC0192,20
PDH0716,19
GCS0571,18
NGC0058,15
MDM0625,15
MYD0978,15
VMJ0546,15
MLL0598,14
SJO0209,14
EHB0824,14
AMR0318,14
JFC0557,13
HWW0436,13
RGG0064,12
IBB0696,12
ESJ0670,12
FEB0306,12
IBM0671,11
EHD0584,11
WXH0872,10
CTA0020,10
DBB0384,10
OCS0865,10
JMB0308,10
ATE0869,8
HRB0351,8
RVF0201,8
LOM0086,8
IJM0444,8
RAR0725,8
KCS0173,8
LDG0459,7
LIM0674,7
CEJ0109,7
ANM0123,7
SCP0130,7
WDD0366,6
KWE0082,6
MTT0901,6
VSS0154,6
BBG0325,6
CPG0322,6
EDB0714,6
DAL0673,6
BLS0678,5
JJH0613,5
HMM0108,5
HJB0742,5
GHH0288,4
DIB0081,4
IIW0249,4
HJS0072,4
NMS0280,4
BTL0226,4
GCL0016,4
TSR0676,3
AHM0410,3
QOS0878,3
VTT0385,3
OBH0499,3
HVF0067,3
KMW0545,3
LJR0523,3
DPM0423,2
NDM0417,2
RAB0589,2
PNH0761,2
JCR0172,2
IKP0472,2
ICH0294,2
PSF0133,2
BIS0247,1
AJN0607,1
BBS0422,1
BRS0734,1
KBG0549,1
JBD0616,1
PPF0435,1
MTB0620,1
USH0199,1
WIQ0567,1
