user,after_hours_login_count
UIR0043,1269
BAL0044,1262
MNS0224,1247
QNP0216,1246
EIS0041,1243
JCC0225,1233
KCF0045,1231
ACC0042,1219
DFR0218,1216
WPR0368,1062
AJF0370,942
MSH0040,939
KRV0372,926
HDS0367,915
CBB0365,908
DMG0358,907
TSM0363,905
SAK0375,903
JAV0361,902
IBB0359,892
LBC0356,889
KJP0371,887
JRS0362,885
MSO0222,866
JLM0364,856
BKW0374,853
MPM0220,814
WDD0366,774
CCA0046,713
MOS0047,657
KSP0357,604
BBS0039,599
CTR0341,596
BSS0369,569
SOB0360,568
IRM0931,545
LBF0214,544
JTM0223,530
JGT0221,521
NOB0181,500
NWK0215,497
ATE0869,496
NAF0326,493
LAP0338,488
DLM0051,458
CMB0912,458
LRR0148,454
JKJ0698,453
LBH0942,453
NGF0157,452
MLM0950,450
TVS0050,449
SBN0971,449
AJR0319,446
RSC0089,440
TDS0984,438
BAH0875,437
BWP0202,428
GTD0219,425
WDO0870,421
DMK0257,421
FGW0853,416
SPA0141,414
RTO0313,413
KKW0879,407
MMG0943,407
JCR0172,407
CSC0217,407
AIB0948,405
AJD0074,405
HVB0037,403
SRH0155,402
MOH0273,401
AJH0175,399
HWY0038,398
PEV0323,397
AHC0142,391
DFH0188,386
ILH0958,385
NKH0979,382
GNS0178,381
RUM0880,380
RSM0277,379
SJO0209,374
CPG0322,373
WXH0872,373
SBN0866,372
RLG0856,370
AMR0318,368
ZJE0857,368
AVM0947,367
DVM0265,367
DIW0118,367
CJP0952,366
PDW0259,365
GKO0078,365
JMK0099,365
RLB0719,364
LNS0989,364
CWB0065,364
CLF0852,364
KBP0008,363
THR0873,362
SJC0333,361
CFG0959,361
JCG0316,361
TDG0962,360
WBC0192,359
SVS0871,358
MNC0717,358
VAA0087,357
UFK0208,354
BTW0005,354
KCS0173,354
NHH0185,352
ZDW0859,352
FWM0707,351
GCG0951,351
CIM0271,350
BBG0325,350
CTR0697,350
PDH0716,350
OCS0865,350
FAW0032,350
JJB0700,349
RVF0201,349
USH0199,349
TQS0212,349
IBB0696,348
GDF0704,348
MBJ0312,348
DJB0159,348
HTH0007,347
HWM0342,347
NIH0969,347
YDN0198,347
AIP0982,347
CCW0031,346
SVL0940,346
SNS0129,346
SJF0094,346
CSL0949,346
CCR0863,346
CCM0855,346
CCH0182,346
CAM0102,346
ASV0946,346
ATF0274,346
LHB0967,346
KNB0022,346
ARL0034,346
LDB0090,346
ASS0206,346
KRL0062,346
KSP0966,346
KTG0091,346
KVT0028,346
ZSK0258,346
ABC0253,346
AAL0706,346
ZJS0269,346
CGF0337,346
SSS0345,346
SGM0021,346
SGS0268,346
SER0165,346
SDO0170,346
CJH0702,346
CJK0200,346
CEB0210,346
YJV0699,346
KQC0708,346
KRG0158,346
AGB0186,346
DIC0988,346
RRA0938,346
DHM0937,346
RMS0266,346
RNP0211,346
BSB0990,346
RJB0088,346
KKS0119,346
RHC0335,346
BNR0965,346
BLL0929,346
KBL0260,346
KBB0189,346
KBS0874,346
KDT0346,346
DCC0160,346
DBG0261,346
CXC0336,346
RYB0718,346
LOF0311,346
SBD0913,346
LHL0309,346
LMF0980,346
COM0321,346
CLH0703,346
CKH0144,346
CKP0721,346
CQH0701,346
SHR0334,346
CSJ0340,346
JOL0024,346
EWH0191,346
ENL0100,346
EMS0317,346
ELH0960,346
FXF0957,346
EIM0156,346
EHR0096,346
ECL0930,346
DVW0103,346
MCF0327,346
AMM0014,346
JCW0858,346
MCJ0324,346
JSH0330,346
KAT0270,346
DOL0332,346
PLH0715,346
PLH0862,346
POB0343,346
PMC0328,346
QNF0205,346
RAG0275,346
DTT0076,346
DLH0029,346
LRW0970,346
LTS0860,346
MAH0864,346
MAE0331,346
MAW0166,346
MBR0724,346
AMV0036,346
RDM0115,346
WBC0315,346
GCC0945,346
OMS0101,346
ONL0276,346
OHC0973,346
FRB0023,346
FQA0854,346
OMM0944,346
AKF0709,346
PES0085,346
FPC0954,346
FKB0163,346
JGM0934,346
JDB0169,346
JIM0095,346
BAK0964,346
AKK0329,346
AKW0167,346
AMD0077,346
HCC0344,346
GRM0868,346
GNZ0953,346
HAM0985,346
OQH0183,346
MCS0035,346
MCT0720,346
MIM0712,346
MIL0255,346
MKG0711,346
NMB0972,346
BER0314,346
ORG0339,346
BTL0722,346
HMW0713,346
HLM0933,346
MKS0204,346
IIA0092,346
IMG0320,346
MKP0861,346
IDO0176,346
HDD0789,346
HCM0267,346
MKL0941,346
NSS0876,346
MSZ0310,346
NCH0179,346
NCE0097,346
NBH0256,346
XLB0710,346
ABH0663,346
AJP0723,346
NAR0981,346
HPM0986,346
NJC0705,346
MSD0939,346
WAS0254,346
BTS0011,346
WKF0012,346
VEB0935,346
XAA0104,346
YCE0983,346
ROB0272,345
FLM0213,345
HKI0171,345
NAF0033,344
RKF0164,335
IJW0851,329
NWT0098,319
HAD0246,314
MAR0955,302
SNC0187,300
ABC0174,296
EHB0420,288
JRG0207,286
MHH0180,274
CSH0626,268
TNM0961,265
HFB0347,264
DRR0162,256
WAB0143,254
BBS0422,251
ICS0956,251
JBM0350,249
TEM0093,247
PID0426,246
EDB0714,242
RHO0732,240
IKP0472,236
PGH0184,229
RGG0064,226
JJM0203,223
RZC0746,222
NGC0058,220
BDB0453,216
BTR0403,213
DRR0242,212
HXL0968,211
AMW0392,211
ESJ0670,211
VCC0396,210
BIS0247,209
IIW0249,207
MAS0025,206
AIP0394,206
RAM0447,205
AJL0462,200
BTN0061,200
AJR0932,199
HPH0075,199
CAH0936,196
JKF0465,195
GZC0735,194
LIM0674,192
GCL0016,192
IJM0444,189
IAT0263,186
FBW0747,183
HWW0436,183
WRM0963,179
AHM0410,178
BEH0615,177
ORM0669,175
JAD0609,175
DPM0423,174
CNE0352,174
VCY0751,174
SJW0451,174
DBB0384,174
DBS0235,173
RDT0424,173
FHO0630,173
MPT0376,173
MGS0974,172
JPA0667,172
JTS0389,172
RGN0408,172
CBG0398,172
VIA0063,171
AJN0607,171
JJH0613,171
SRS0231,171
RAR0725,171
HCW0419,171
BDV0168,170
VTT0385,170
MHG0244,170
NDM0417,170
HRB0351,170
IBM0671,170
DSB0731,170
CMS0454,170
BHW0458,169
HJA0018,169
TPH0474,169
LLV0602,169
HKR0628,169
AMH0464,169
ALD0544,168
DGW0752,168
LCB0664,168
MAD0753,168
HGG0240,168
MKW0441,168
NNA0610,168
MDM0976,168
HVF0067,168
HRW0550,168
GCC0744,168
NKP0236,168
TEM0977,167
GMF0738,167
MIC0726,167
JBD0616,167
HIA0414,167
GZB0469,167
EPW0434,167
SDF0017,167
JLW0053,167
XBN0229,166
ERH0449,166
OKB0439,166
KDS0349,166
BNG0237,166
BSH0445,166
CCC0393,166
CAB0388,165
ADF0397,165
DLS0383,165
SCF0608,165
DLF0377,165
KAL0395,165
KWE0082,165
HDJ0446,165
AAW0353,165
TMA0069,164
GQP0743,164
PGO0433,164
ORB0473,164
UCS0227,164
AIS0405,164
MLP0668,164
HSD0457,164
DMM0623,164
DGF0443,163
KQS0415,163
RAS0432,163
CGA0629,163
KES0729,163
TSB0437,163
THD0448,163
TET0621,163
ASG0048,163
CAB0614,163
GCR0554,163
BSS0463,163
ETR0428,163
JPW0741,163
ADC0391,162
NNS0059,162
OJK0233,162
HIW0536,162
AOB0019,162
CQH0730,162
WSR0241,162
AIH0675,162
KMW0545,161
LDG0459,161
KWC0004,161
BAM0611,161
MDM0625,161
TBT0461,161
ARA0252,161
BSA0431,161
KJW0416,161
JCV0245,160
CSB0080,160
EZH0736,160
HBO0413,160
DAL0673,160
CTA0020,160
GJT0386,159
AAV0450,159
CKD0680,159
SMW0084,159
KRM0541,159
TSR0676,159
VMJ0546,159
ABN0239,159
PRM0740,158
MTB0620,158
KJS0618,158
GLR0975,158
NUL0471,158
ASL0378,158
DTP0379,158
JMB0308,157
AMR0400,157
PKB0429,157
ONW0083,157
GAF0060,157
MSS0001,157
RVC0232,157
KVS0425,157
KPP0452,157
NJB0243,157
NCO0666,157
RFP0380,156
JAM0382,156
KBG0549,156
ANT0430,156
SSG0250,156
MLD0755,156
PTH0552,156
BMC0547,156
RAH0440,156
MVH0373,156
PGC0066,156
UJC0737,156
ZFM0468,156
HAH0248,156
CRP0456,156
RJM0381,155
CAA0612,155
CCM0467,155
WVB0539,155
MLG0475,155
LCD0622,155
CKB0427,155
VSA0230,155
ALH0402,154
QPM0727,154
SIJ0661,154
SOG0411,154
CJG0470,154
MHG0733,154
MES0407,154
FSB0399,154
WTF0387,154
LEM0605,153
LFS0071,153
ANP0555,153
EBC0390,152
JER0404,151
NCK0421,151
HDL0748,151
PBP0002,151
AIM0627,150
TEB0251,148
HKB0418,148
NBC0412,148
BJW0619,148
JOM0750,147
DZC0228,147
SAP0867,146
GBM0603,146
QRM0739,146
KNG0672,144
PPF0435,143
BXJ0010,143
RCC0617,141
CCL0068,140
ACV0812,140
IKR0401,139
LOM0086,138
NRD0548,138
FSC0601,136
RGH0728,135
BCB0679,133
MYD0978,131
HJB0742,127
DPS0262,127
BMS0877,126
AKR0057,126
FTM0406,126
ENC0234,125
GOK0238,125
MBG0438,118
QOS0878,117
JMH0543,116
BYP0070,116
TAP0551,113
GHL0460,111
BTL0226,108
BLS0678,97
WDV0573,91
SSJ0784,90
CHM0821,87
ATP0662,85
KCO0122,85
RKD0604,85
DIB0081,79
KMB0922,79
RMW0542,79
IBP0883,78
KPC0073,78
SEJ0677,78
JDF0593,76
CLB0774,75
BJM0111,72
BIH0745,69
EGD0409,64
JMC0925,63
JAJ0849,62
CFW0264,60
LUR0896,59
BVC0790,57
BRS0734,57
EZT0640,56
CJF0802,55
JHP0583,55
OLB0749,54
PNH0761,51
WKD0013,46
CFM0767,43
SBK0161,43
PMV0850,41
RRC0553,40
LHB0606,40
COF0120,36
OBH0499,36
BAJ0654,34
JMD0520,33
NAH0503,31
AOK0844,31
IBS0836,31
SED0886,29
FFC0891,28
JRH0455,28
PMJ0564,27
CRK0916,24
BCR0581,23
AAS0442,22
ELB0847,22
CRD0624,22
BRM0995,21
BMG0917,21
QJR0688,20
HSB0196,19
HDD0806,18
SDB0106,18
HRL0540,18
FIR0920,17
EAH0466,16
RAW0915,16
MCD0125,15
AHD0848,13
HRD0635,13
HJS0072,13
EHD0584,13
GHH0288,13
DGM0754,12
AOS0987,11
CAS0507,10
IAR0694,10
DAR0885,9
CRO0027,9
SGB0140,8
RAB0589,8
ESH0283,8
JDC0030,8
YIC0195,7
MCF0600,7
HCL0651,6
LDD0560,6
NSC0597,6
EDA0684,6
WIF0691,5
DCH0843,5
LJT0817,5
AAM0658,5
LJR0523,5
EHB0824,5
NMS0280,5
VFM0814,5
IUY0279,4
FMG0527,4
LQC0479,4
OYM0026,4
TOR0193,3
GCS0571,3
AHG0634,3
RHL0992,3
BLB0114,3
KLH0596,3
MDH0686,3
ANM0123,2
CSP0197,2
RHY0079,2
FBA0348,2
ABM0845,1
FEB0306,1
HMM0108,1
ESR0693,1
JJH0292,1
ICH0294,1
CIM0926,1
SMH0291,1
CCM0136,1
CCH0685,1
