user,anomaly_score,status
DLM0051,-0.23130495509616233,Anomaly
AJF0370,-0.202920273354383,Anomaly
LBH0942,-0.17702304539084812,Anomaly
HSB0196,-0.17090155638188043,Anomaly
BSS0369,-0.15028793924228467,Anomaly
IBB0359,-0.14579769580555035,Anomaly
HPH0075,-0.14062184215723905,Anomaly
BAL0044,-0.12842013747062042,Anomaly
MOH0273,-0.12701633949984592,Anomaly
NAF0326,-0.12304773922042478,Anomaly
EIS0041,-0.12167601846982545,Anomaly
HDS0367,-0.11762216189851826,Anomaly
OBH0499,-0.10295692093108255,Anomaly
MPM0220,-0.10189323987067356,Anomaly
IRM0931,-0.10161656709820799,Anomaly
LBF0214,-0.10025601932334227,Anomaly
ATE0869,-0.0958781980980451,Anomaly
JDC0030,-0.08776955807794229,Anomaly
WPR0368,-0.06142593980125177,Anomaly
HRL0540,-0.05881350633501192,Anomaly
BJM0111,-0.05628234571645474,Anomaly
LRR0148,-0.04642525823154231,Anomaly
ESJ0670,-0.03954802539199198,Anomaly
RZC0746,-0.038202327595047936,Anomaly
HAD0246,-0.03790431217765744,Anomaly
BRM0995,-0.03777385957407475,Anomaly
TDS0984,-0.03730609266930607,Anomaly
NOB0181,-0.03691251705774734,Anomaly
MOS0047,-0.035970302440375024,Anomaly
CCA0046,-0.034873353884717906,Anomaly
AVM0947,-0.03432608619791255,Anomaly
KKW0879,-0.03363386524644196,Anomaly
BDI0533,-0.03253080964748667,Anomaly
SAA0999,-0.029980261860172108,Anomaly
MLM0950,-0.02838023415748303,Anomaly
BMG0917,-0.02798537952694191,Anomaly
WIQ0567,-0.027197803343978588,Anomaly
AOK0844,-0.02482813239435555,Anomaly
HDD0806,-0.023999093194918775,Anomaly
AJR0319,-0.019499334621427944,Anomaly
BRB0355,-0.018445649076904158,Anomaly
BVC0790,-0.017692625997825617,Anomaly
NWK0215,-0.014926607379005197,Anomaly
FKK0055,-0.011190767595613771,Anomaly
IIW0249,-0.010954790062303932,Anomaly
JDF0593,-0.008941193019456506,Anomaly
CMB0912,-0.00706770742223084,Anomaly
HRB0351,-0.002939010883837745,Anomaly
KBP0008,-0.002323510814738028,Anomaly
RAW0915,-0.00048506004853432483,Anomaly
IKP0472,2.5529476238683735e-05,Normal
WIF0691,0.0001346773750230401,Normal
RSC0089,0.003124993680907129,Normal
THR0873,0.0035962379127386646,Normal
JDB0169,0.009597228859670182,Normal
ABC0174,0.010026178385949991,Normal
ATP0662,0.011201439538239488,Normal
GTD0219,0.013073677587350563,Normal
NGC0058,0.014738014353151141,Normal
HCS0003,0.01576660072381708,Normal
CLB0774,0.016340416518722645,Normal
JCR0172,0.016940593642846946,Normal
HCM0267,0.021233438390642845,Normal
QRM0739,0.02479191065490849,Normal
ZKS0899,0.024895780218260888,Normal
MDH0686,0.026552356130458254,Normal
BJP0134,0.02758906172060671,Normal
AIB0948,0.02772834824155257,Normal
MDM0625,0.030742635278807384,Normal
KCO0122,0.03200691609037276,Normal
JCC0225,0.03221214804798145,Normal
CTR0341,0.03348119428335439,Normal
JHP0583,0.033505032806251056,Normal
GZC0735,0.034028278212305696,Normal
BTW0005,0.03664105547137164,Normal
HTH0007,0.036802630092816035,Normal
AJD0074,0.03698524581416185,Normal
AMW0392,0.037822831482580255,Normal
BRS0734,0.03836579726159417,Normal
QNP0216,0.041253185536332504,Normal
VIA0063,0.042659685560693994,Normal
NGF0157,0.044504904944141055,Normal
YIC0195,0.04621139354534398,Normal
GKO0078,0.04739517236062807,Normal
CGB0637,0.050324384238335296,Normal
BAJ0654,0.050490398588973084,Normal
JRS0362,0.051349547168625054,Normal
UIR0043,0.05148261163576262,Normal
ACC0042,0.0542538614074331,Normal
JNJ0556,0.0551164229932507,Normal
DFR0218,0.0556413852448292,Normal
TVS0006,0.055995957875880575,Normal
LAP0338,0.05603821440518564,Normal
MNS0224,0.05609873551581496,Normal
MSO0222,0.05868362769990498,Normal
IAR0694,0.059064774776687645,Normal
HVB0037,0.06081689170666932,Normal
LBC0356,0.061164608287192446,Normal
DBB0384,0.06144467774353424,Normal
IBS0836,0.061522777722581745,Normal
XWD0923,0.06221138112996116,Normal
FUM0015,0.06256272322557782,Normal
ILJ0526,0.06339800296569753,Normal
KCF0045,0.06375989643039276,Normal
LJT0817,0.06502482052383529,Normal
MLL0598,0.0653320638754048,Normal
LCB0664,0.06560401295685525,Normal
DMG0358,0.06615349496488193,Normal
CBB0365,0.06619985304202697,Normal
CTA0020,0.06837514763181884,Normal
JLM0364,0.06950176601815161,Normal
EHB0420,0.0696038415002132,Normal
MCD0125,0.07022579397440792,Normal
SAK0375,0.07059550160985295,Normal
MBJ0312,0.07134113249529372,Normal
NAH0503,0.07150078934930554,Normal
SSJ0784,0.07174235959241854,Normal
SMH0291,0.07286822348326671,Normal
JBD0616,0.07322626193633353,Normal
JAV0361,0.07353471663133815,Normal
QOS0878,0.0739101839659333,Normal
VTT0385,0.07544726228232734,Normal
SGG0787,0.07815195378729145,Normal
SBN0971,0.07847171772117978,Normal
DRR0242,0.08004683783507877,Normal
MSH0040,0.08077259235750556,Normal
TVS0050,0.08148379390642901,Normal
RRC0553,0.08242246305215373,Normal
MSS0001,0.08255059505632889,Normal
WDD0366,0.08269415213353487,Normal
CSH0626,0.0839543144276011,Normal
BQS0525,0.08458405057455731,Normal
BBS0039,0.08655709314020771,Normal
CQW0652,0.08667708806263275,Normal
TSM0363,0.08706948697971179,Normal
BKW0374,0.08708592964597639,Normal
KJP0371,0.08792989593860695,Normal
NMS0280,0.08805966272521903,Normal
DFH0188,0.08847231270869754,Normal
MPT0376,0.0885156355099202,Normal
FOB0756,0.08898238455916957,Normal
QJR0688,0.08906796429924663,Normal
DJB0159,0.08923161962676002,Normal
GCL0016,0.08927840595826775,Normal
BBS0422,0.08995150469075186,Normal
DIW0118,0.09039039288054401,Normal
AHD0848,0.09165850226242,Normal
KRV0372,0.09169806321724594,Normal
AJN0607,0.09205446146706553,Normal
SGM0021,0.09207696328328263,Normal
CJM0521,0.09295565585865756,Normal
SBH0537,0.0931051601290559,Normal
JGT0221,0.09352668420454907,Normal
WBC0192,0.09434439639039094,Normal
JTM0223,0.09586098286946598,Normal
HLH0512,0.0959140655772397,Normal
RNP0211,0.09692999882940678,Normal
MTB0620,0.09744574138770756,Normal
VCC0396,0.09825080072066578,Normal
JJH0613,0.09876965474555643,Normal
RAM0447,0.09911141418573088,Normal
RHL0992,0.09948747314256362,Normal
AMM0014,0.10054317408032376,Normal
HCL0651,0.10140779027115976,Normal
GTD0116,0.10173996687871051,Normal
SRH0155,0.1023669661561259,Normal
RUM0880,0.10338608379143888,Normal
PDH0716,0.10359771790742128,Normal
CAS0507,0.10366791714981294,Normal
SBK0161,0.10405491512365928,Normal
OCS0865,0.10469617727312414,Normal
KMB0922,0.10608735895248572,Normal
SBN0866,0.10694663973266888,Normal
JCG0316,0.10712096713070768,Normal
LCC0819,0.10743154212178763,Normal
CIM0271,0.10870741795283251,Normal
MGS0974,0.10921467156262582,Normal
IBB0696,0.11138960728308428,Normal
ILH0958,0.11174951171377995,Normal
RHO0732,0.1119165734562298,Normal
KSP0357,0.11236408001956921,Normal
HDH0928,0.113195489682827,Normal
CHM0821,0.11386191736542212,Normal
BEH0615,0.11399571497230826,Normal
JFC0557,0.11442707988788586,Normal
HFB0347,0.1153069803154837,Normal
JKJ0698,0.11578630820479324,Normal
SOB0360,0.11614455777629523,Normal
DCC0160,0.11617323419805259,Normal
BBG0325,0.1168698962998555,Normal
JAJ0849,0.11698070724599419,Normal
JMD0520,0.11729306020722358,Normal
COF0120,0.11737590872699533,Normal
MAD0496,0.1181505450293146,Normal
CPG0322,0.11899056226326621,Normal
JKF0465,0.11970507167598032,Normal
CSC0217,0.11988514795277067,Normal
CAB0614,0.11996973620577245,Normal
IIL0513,0.11999065325610192,Normal
OLW0689,0.1200259588142722,Normal
PMC0328,0.12014305845722167,Normal
KWC0004,0.12107422179974481,Normal
LIM0674,0.12142542393303135,Normal
MCF0600,0.12144937581293369,Normal
AHC0142,0.12163634736769374,Normal
RLG0856,0.12167074263362271,Normal
AIP0982,0.12356859752586519,Normal
LAM0911,0.12383470178050265,Normal
AMR0318,0.12542517309594314,Normal
WXH0872,0.12555411528662636,Normal
ACV0812,0.1259890806232271,Normal
MHH0180,0.12609575131493989,Normal
BWP0202,0.12634201877098933,Normal
DIB0285,0.12765001649959984,Normal
DCH0843,0.1280761167171931,Normal
FFC0891,0.12830012125436807,Normal
BJH0811,0.12862162973274088,Normal
GNS0178,0.12875526966618345,Normal
ALB0892,0.1288841345916767,Normal
MKW0441,0.12948404158288218,Normal
HOB0994,0.12948988467645356,Normal
BTR0403,0.12988838763908023,Normal
TNM0961,0.13022992697631547,Normal
GHH0288,0.13060862660359818,Normal
SJO0209,0.1307201901715312,Normal
TLK0993,0.13076900158289884,Normal
FBW0747,0.13252394541445334,Normal
DMK0257,0.1326144352978132,Normal
NDM0417,0.13304310534332153,Normal
LAF0991,0.13348771729211256,Normal
AMD0077,0.13354044974260743,Normal
VFM0814,0.133568670841068,Normal
RMW0542,0.13398530916214857,Normal
AKR0057,0.13409264167676266,Normal
HVF0067,0.13471714157463438,Normal
CAM0681,0.13492324773386588,Normal
CQH0701,0.13563006603791777,Normal
PTH0830,0.13586626152963815,Normal
LDG0459,0.13614759207609478,Normal
KPR0497,0.1362312635005094,Normal
XAA0104,0.13640697086169418,Normal
PEV0323,0.13645628134392396,Normal
RSM0277,0.13695013599092482,Normal
FRB0023,0.137184619600343,Normal
HAV0121,0.13757496554456733,Normal
PMV0850,0.13800149615619683,Normal
CWR0502,0.13817371498470865,Normal
IWM0816,0.13843430843597998,Normal
CAH0936,0.13854647085095878,Normal
VSS0154,0.13860291481247522,Normal
KCS0173,0.13865424818759758,Normal
JBM0350,0.1386849771009654,Normal
MAR0955,0.13895900954376422,Normal
BTS0011,0.13969214825437282,Normal
HSG0818,0.14033412342150758,Normal
ZJE0857,0.14033427075511706,Normal
AJR0932,0.14041458408662316,Normal
DGW0752,0.14078208214627846,Normal
HJS0072,0.14189353914636355,Normal
AHM0410,0.14264188266389277,Normal
VMJ0546,0.14313707627215805,Normal
HWY0038,0.1432057739096504,Normal
HXL0968,0.1433025526205336,Normal
PSF0133,0.1433379999336356,Normal
CEJ0109,0.14343857744800542,Normal
PNL0301,0.1448254911447493,Normal
DAR0885,0.14543198322849576,Normal
SCP0130,0.1455186339852244,Normal
KKS0119,0.14557601784541652,Normal
CCL0068,0.14579945012054613,Normal
SLB0049,0.14588251066730312,Normal
KLH0596,0.1460392435476493,Normal
AJH0175,0.14607435234147875,Normal
DPM0423,0.14640623761577104,Normal
HBO0413,0.14671430896382454,Normal
VSA0230,0.14691104704879626,Normal
CLF0852,0.14693546566162252,Normal
DMM0623,0.1473788243581879,Normal
LJR0523,0.14771848691085415,Normal
JMC0925,0.1479756083723061,Normal
PAD0773,0.14798678070614013,Normal
MBW0809,0.1480102212265026,Normal
WDO0870,0.14814272720043803,Normal
ESH0283,0.14820593905682772,Normal
KWE0082,0.14850068290160334,Normal
NWT0098,0.1485409683080024,Normal
DRR0162,0.14864979905852216,Normal
EGD0132,0.14915513483240345,Normal
ICH0294,0.14927601004617724,Normal
KRL0501,0.1495136739119189,Normal
XHW0498,0.14979450825426238,Normal
WKD0013,0.14995583222260195,Normal
EDB0714,0.15032019265239055,Normal
MLD0755,0.15059814419657525,Normal
ANM0123,0.15075978126346,Normal
UAD0771,0.15091604376360063,Normal
KPC0073,0.1510237860345225,Normal
NKH0807,0.1510879655351981,Normal
DIB0081,0.15116412244295652,Normal
BMT0528,0.15128021192779756,Normal
HAH0760,0.15137640654527962,Normal
RTO0313,0.15144664145916165,Normal
RVF0201,0.15173391186208046,Normal
JNA0559,0.15178872389100456,Normal
BBH0810,0.1522369722703632,Normal
IKR0401,0.15223772022604964,Normal
SVS0871,0.15239195838079805,Normal
AAM0658,0.15252264920271852,Normal
KCB0815,0.152755106310147,Normal
HKR0628,0.15277928540083863,Normal
BMS0877,0.15279457187222112,Normal
WKF0012,0.15283339209140073,Normal
AAF0535,0.15290931825436455,Normal
CAA0612,0.15292787389746615,Normal
LOM0086,0.15295997484758594,Normal
SNC0187,0.1534064098430717,Normal
CBG0490,0.15388580719689637,Normal
BIH0745,0.1540092947466959,Normal
MVB0515,0.15454047305065316,Normal
EMS0317,0.15455674665704494,Normal
LDD0560,0.1545658803345114,Normal
RRP0568,0.15461333468961996,Normal
LOF0311,0.15473818301114878,Normal
EAH0466,0.15507528312587748,Normal
RHY0079,0.15520149189509697,Normal
EWH0191,0.15521277741378986,Normal
SPA0141,0.15557320491683202,Normal
IJW0851,0.15563356714764126,Normal
MTT0901,0.15579038191149897,Normal
FGW0853,0.15592948210271268,Normal
VMJ0147,0.15662702700722497,Normal
BAM0636,0.15680725625228686,Normal
RAR0725,0.1568215291956691,Normal
JLW0053,0.15690066684558918,Normal
FIR0920,0.15692659450753582,Normal
SES0477,0.1570099223242959,Normal
KBG0549,0.15704152950296146,Normal
KBB0189,0.1571516955210734,Normal
JMK0099,0.15722519091036646,Normal
NCH0179,0.1572405520088831,Normal
PNH0761,0.15731446659962084,Normal
RKD0604,0.15738420626417027,Normal
MVH0373,0.15749374195640475,Normal
TET0621,0.15759559237481224,Normal
KJS0618,0.1581271373001445,Normal
HMM0108,0.15815769419746606,Normal
LPH0572,0.158229556405784,Normal
DGM0754,0.15868862309907505,Normal
FSC0601,0.15883965690672547,Normal
JAD0609,0.1588697260826824,Normal
CYA0506,0.15890758035780594,Normal
NRF0137,0.1590143307960032,Normal
TAP0551,0.15925308414198308,Normal
HWW0436,0.15927613267402085,Normal
ZDW0859,0.15936856357486123,Normal
EZT0640,0.1593912082047927,Normal
ESR0693,0.1595017334129794,Normal
MAS0025,0.15954274185507772,Normal
KBS0874,0.15956896349185934,Normal
UJC0737,0.15961186645390063,Normal
FHO0630,0.15967061278650868,Normal
SDO0170,0.15976146516105078,Normal
JJM0203,0.1597746905261832,Normal
LMF0980,0.15986412116553034,Normal
FAW0032,0.16002297557452322,Normal
KES0729,0.1603190506902874,Normal
AQD0820,0.16036422960944063,Normal
CJC0494,0.16053697019315127,Normal
RCC0617,0.160616263466983,Normal
FDE0117,0.16087390544950542,Normal
BLL0929,0.16091262783732307,Normal
IEB0153,0.16102557704185982,Normal
JRH0455,0.16105849454952237,Normal
MDH0580,0.1613927415017306,Normal
DTT0076,0.16140829729045286,Normal
KRG0158,0.1614962688072159,Normal
IMB0481,0.1617309274022986,Normal
ORG0339,0.16191800733687645,Normal
CWB0065,0.1621548604401427,Normal
CKB0482,0.16233485140964626,Normal
YDN0198,0.1624310965971097,Normal
BWH0813,0.16247523656490936,Normal
HKI0171,0.1625260183184451,Normal
CTW0500,0.1625346527373968,Normal
VCY0751,0.16271728875982783,Normal
EHD0584,0.162900238741441,Normal
IBP0883,0.16307511026730576,Normal
AIP0394,0.16316628080631596,Normal
CAC0889,0.1632319525133049,Normal
SMY0792,0.16327570794429097,Normal
JMB0308,0.1633180042994346,Normal
EHB0824,0.1634547975110031,Normal
USH0199,0.16351664747834777,Normal
BXJ0010,0.16375137794861305,Normal
VLB0647,0.16380180419866108,Normal
TDJ0998,0.16397934903408162,Normal
IJM0776,0.16405182927350387,Normal
SOF0808,0.16405270282501855,Normal
SER0165,0.16424208872873436,Normal
GHL0460,0.16429736208045975,Normal
HCV0478,0.16437423895955527,Normal
LHL0309,0.16453954085773714,Normal
JIM0095,0.1646346000537104,Normal
BAH0875,0.16481216317343805,Normal
MHA0798,0.16495436402433367,Normal
SGB0140,0.1651125206737995,Normal
NKH0979,0.1651937566926373,Normal
RAB0589,0.16522232918223828,Normal
IMG0320,0.16537157691682497,Normal
BTL0226,0.1655423205241539,Normal
CCH0685,0.16565619503242496,Normal
NHE0919,0.16582993310081234,Normal
ADC0391,0.16589236322984569,Normal
CFM0767,0.1660460784681571,Normal
MKP0861,0.166153159156949,Normal
JRL0574,0.1661850488339669,Normal
CNE0352,0.16619382174987735,Normal
KJJ0293,0.16638903832746366,Normal
DDA0476,0.16658353530596343,Normal
XHG0902,0.1667653457312802,Normal
KAT0489,0.16676552119108706,Normal
ANT0430,0.16679870440347577,Normal
GAF0570,0.1668001488712843,Normal
BJW0619,0.16685594602686793,Normal
BTN0061,0.1669511371743898,Normal
ETR0177,0.1669870069801283,Normal
TSM0927,0.16704341000502393,Normal
FTM0406,0.16711515622182138,Normal
RYB0718,0.16721274159252508,Normal
GQP0743,0.16724658571750572,Normal
CRK0916,0.16728448394536277,Normal
HDL0748,0.167382257756038,Normal
GCG0951,0.1675285928956013,Normal
LUR0896,0.1676942633414465,Normal
BSB0990,0.16776323874556986,Normal
LQC0479,0.16786235859026888,Normal
YWW0660,0.1678944968938194,Normal
BHC0665,0.16816478681117497,Normal
AAF0791,0.1681722216804284,Normal
AMJ0297,0.16819260410337378,Normal
IUB0565,0.16822389831721052,Normal
IBM0671,0.16825921701970076,Normal
RLB0719,0.1682812765553774,Normal
GMF0738,0.16829981893377038,Normal
TQS0212,0.16841311222004718,Normal
DBW0483,0.16843684947498233,Normal
BTL0722,0.16848723199504068,Normal
PMJ0564,0.16864132521407343,Normal
TSR0676,0.168751602252738,Normal
FEB0306,0.1688132933846052,Normal
JCR0921,0.16922014298398264,Normal
CQH0730,0.16925061581300554,Normal
BNR0965,0.16931145420137655,Normal
CCM0136,0.1694066711105452,Normal
CFW0264,0.1694155392804681,Normal
DAL0673,0.16944453222700634,Normal
FLM0213,0.1698848225529337,Normal
ABH0663,0.16998505224471272,Normal
NSC0597,0.17007172466907505,Normal
IJM0444,0.17015118294444098,Normal
CRD0624,0.17021490232542652,Normal
BLB0114,0.17024279201902887,Normal
PPF0435,0.17033196202452017,Normal
LNS0989,0.17043545688525408,Normal
ASS0206,0.17057319817727046,Normal
JCW0858,0.17071792435689342,Normal
CJM0138,0.17083911164111876,Normal
AGB0186,0.1708689343640924,Normal
SNS0129,0.1708921830061852,Normal
MJS0890,0.17096954344656284,Normal
DLS0383,0.17109105643794048,Normal
SLT0907,0.17117380259450898,Normal
SBD0913,0.17118819007989255,Normal
IYB0918,0.17122246279007314,Normal
SSH0799,0.17124523795749624,Normal
AAE0190,0.17126474728948915,Normal
WDV0573,0.1712651423284977,Normal
ARB0881,0.17141042808757995,Normal
TRK0914,0.17149848035400317,Normal
SAP0867,0.1715727580744727,Normal
PID0426,0.17160887529724733,Normal
HPR0585,0.1717955085852676,Normal
EDA0684,0.1722174367909749,Normal
CCR0863,0.17229319391268394,Normal
ASV0946,0.17230701671843673,Normal
MKG0711,0.1723752996695504,Normal
DKB0631,0.17240032654566095,Normal
PIS0522,0.17245815700854183,Normal
CSP0197,0.1724838856488422,Normal
SAB0781,0.17252811262656936,Normal
RGG0064,0.17260347716899527,Normal
WBC0315,0.17264103849401952,Normal
SAH0599,0.17297278783209225,Normal
KPP0452,0.17303619143965326,Normal
MYD0978,0.17308697605648882,Normal
EMW0772,0.1730910905258255,Normal
RNL0695,0.17309514743469995,Normal
NLO0131,0.17326743755467283,Normal
ARB0834,0.17334753865527347,Normal
JRG0207,0.17334987918056516,Normal
DSB0731,0.17335332984969976,Normal
SBN0495,0.1734887046857848,Normal
JTS0389,0.1734924219265559,Normal
WRM0963,0.1735562517674979,Normal
FMG0527,0.1735586711704482,Normal
NMC0486,0.1735965461344643,Normal
GCS0571,0.17360118450466938,Normal
WLV0566,0.17372957426540142,Normal
KKC0683,0.17376403770526277,Normal
SAC0687,0.173840333289425,Normal
EIM0156,0.17384609001221385,Normal
BDV0168,0.17403595412266676,Normal
JKM0303,0.17403908429951287,Normal
DID0650,0.17407422966771385,Normal
CMM0487,0.1742558564280261,Normal
GDF0704,0.1742619513944234,Normal
CUD0795,0.1743170404114911,Normal
SCF0608,0.17431731519965832,Normal
LEM0605,0.1744504528547054,Normal
BIS0247,0.17448318042197736,Normal
TUC0632,0.17448647859146993,Normal
PBP0002,0.17452546036291966,Normal
HDD0789,0.17460690451896937,Normal
RAS0432,0.17461308544947662,Normal
EHR0096,0.17470871833772017,Normal
AKC0924,0.17477682131787592,Normal
WGR0833,0.17483143791523958,Normal
HRD0635,0.17488868287657233,Normal
MIM0712,0.17490355551658304,Normal
CLD0894,0.1753705925632874,Normal
ALH0402,0.17537223474001723,Normal
HCC0344,0.17565180989544,Normal
UFK0208,0.17566523377895843,Normal
NAR0981,0.17577129993029583,Normal
KMW0545,0.17602124028020033,Normal
MAH0149,0.17634701274789816,Normal
TJD0996,0.17635185658372732,Normal
ONL0276,0.17635381399332045,Normal
BVN0514,0.1763757650110525,Normal
ADF0397,0.1764568617620766,Normal
ECF0828,0.17649921990971218,Normal
LCD0622,0.1765656282151607,Normal
CJV0286,0.1766242677626988,Normal
AJL0462,0.17663064901916603,Normal
ORB0473,0.1766561365449253,Normal
LNR0656,0.17668997078771986,Normal
ATF0274,0.17686404996059896,Normal
KDT0346,0.17688347386826464,Normal
KBL0260,0.1769423038808312,Normal
MJB0588,0.17694823578639352,Normal
SBQ0786,0.17698246629705744,Normal
ABM0845,0.17709990262777958,Normal
IRT0491,0.17714222546903513,Normal
RKF0164,0.17718171738669647,Normal
ELB0847,0.17726255611886793,Normal
LRW0970,0.17727482424373037,Normal
MIC0726,0.17734463741762213,Normal
CRO0027,0.17735609232030258,Normal
CBG0398,0.17739555424930326,Normal
MCJ0324,0.17741142832279067,Normal
HKF0831,0.17743222190547242,Normal
JSA0775,0.17751741393400827,Normal
TDG0962,0.1776299000511659,Normal
GJT0386,0.17763857562588514,Normal
FPC0954,0.17769436567987773,Normal
BAM0611,0.17781560620473663,Normal
AOB0019,0.17790269654194224,Normal
MAD0753,0.17801033915825443,Normal
CLH0703,0.17809176897958057,Normal
JGM0934,0.17825319561773822,Normal
TEB0251,0.1782919557863536,Normal
TJG0582,0.17830314137460346,Normal
AMR0400,0.17831299440290416,Normal
DPS0262,0.17845526623051217,Normal
IDO0176,0.17855067343841713,Normal
MAW0166,0.17856020397955424,Normal
IMP0530,0.17856435056754488,Normal
CJP0952,0.1785748576066924,Normal
RDT0424,0.17857696672642392,Normal
KNW0644,0.17862830060056023,Normal
OLB0749,0.17879699909091995,Normal
LHB0606,0.1787996435220498,Normal
BCR0581,0.1788443683970753,Normal
HIW0536,0.17885170785562704,Normal
DGN0480,0.17893217223454377,Normal
PRM0740,0.17901443001140788,Normal
JRF0835,0.1791165574459226,Normal
SHW0578,0.17912954177424567,Normal
EGK0893,0.17921871892527985,Normal
CNM0800,0.17927978953538998,Normal
NNS0059,0.17929231580069876,Normal
LTS0860,0.1793075045295689,Normal
TEM0093,0.17941875746955344,Normal
NIH0969,0.1794513941094103,Normal
XRS0633,0.17949512028487152,Normal
SIJ0661,0.17953517338846098,Normal
LLV0602,0.17955275108741853,Normal
WGS0516,0.17965041474496968,Normal
CGA0629,0.17970270827974338,Normal
LHN0151,0.17975512222418588,Normal
GAF0060,0.17980532163950863,Normal
ASS0517,0.1798494375907,Normal
MCS0035,0.17986221319229273,Normal
CCW0031,0.17988124474730538,Normal
FQA0854,0.17994764763779925,Normal
MAH0864,0.17995283526066547,Normal
NCE0097,0.1800518855287419,Normal
MCF0327,0.18005297138136228,Normal
JKB0126,0.18006380201846195,Normal
AAL0706,0.18009516076435855,Normal
AJC0840,0.18012663962857955,Normal
KAC0124,0.18013354865286213,Normal
FBA0348,0.180141476596675,Normal
ASD0577,0.18014378527540448,Normal
JIG0128,0.18015749463184,Normal
NNA0610,0.1801708822245358,Normal
LPC0492,0.18020456835071236,Normal
RHP0484,0.18024946567823524,Normal
CCH0182,0.1802693957710006,Normal
MMG0943,0.180283524065474,Normal
YJF0532,0.18032612498241168,Normal
CIG0052,0.18038961227723183,Normal
CFG0959,0.1803931145281672,Normal
AMV0036,0.18044487307826218,Normal
PES0085,0.180493055613679,Normal
SKG0759,0.18053654599554603,Normal
KNB0022,0.18065809212935607,Normal
KLM0639,0.18072189479604434,Normal
JJB0700,0.18077256567655509,Normal
HWH0646,0.18078642913919923,Normal
GRM0868,0.18079535896399312,Normal
KRL0062,0.1808904976202501,Normal
NGO0690,0.18093151849652866,Normal
DVM0265,0.18107144345735288,Normal
SDF0017,0.18113804066524863,Normal
LHB0967,0.18120097816121006,Normal
CJF0802,0.18127256118312496,Normal
ICS0956,0.1812843345303759,Normal
TOR0193,0.1812921976247024,Normal
HAM0985,0.18131417643135617,Normal
BLS0678,0.18137122286341034,Normal
ILR0304,0.18144621490117446,Normal
MSZ0310,0.1815132355672861,Normal
IAT0263,0.18157029851492867,Normal
CEB0210,0.18157667595435234,Normal
OLF0504,0.1816094004136386,Normal
AAS0442,0.18162533152074184,Normal
ZSB0649,0.18163867833808456,Normal
AMH0464,0.1816684455121798,Normal
BER0314,0.18167786739703629,Normal
SXM0895,0.18170706751217086,Normal
BJH0354,0.1817896149535828,Normal
MJM0510,0.1818602490412637,Normal
KQC0708,0.18188654105198043,Normal
ESA0642,0.18189610902594083,Normal
AIM0627,0.1819210172875087,Normal
OSH0655,0.18194537985360748,Normal
KMS0657,0.18196848142221644,Normal
RJB0088,0.18197613049419448,Normal
NSS0876,0.18202627452343256,Normal
GBM0603,0.18211068959315257,Normal
KSH0569,0.18212385621714272,Normal
MCT0720,0.1821702045129166,Normal
RVC0232,0.18232132486519592,Normal
PDW0259,0.1823879584378864,Normal
UCH0519,0.18239138531740157,Normal
SJF0094,0.18239714834179588,Normal
FWM0707,0.18248042277010956,Normal
DJS0682,0.18269424108174936,Normal
ENC0234,0.18279500303214624,Normal
SJW0451,0.18291827774308694,Normal
QPM0727,0.18297274523864354,Normal
KVT0028,0.1829770085437742,Normal
KJA0152,0.18301330333005944,Normal
GRC0145,0.1830820054577333,Normal
PLH0862,0.1830994871174889,Normal
RBB0485,0.18310068115050615,Normal
ALD0544,0.18325001545355168,Normal
OMM0944,0.18330460878693694,Normal
JER0404,0.18335782134775053,Normal
NCO0666,0.18340050178660738,Normal
HDJ0446,0.18341368580196238,Normal
CHG0146,0.18363005266437776,Normal
DBS0235,0.18363411141510416,Normal
COM0321,0.18369987103002489,Normal
ECL0930,0.18370840596372445,Normal
MMB0488,0.18376814158824717,Normal
MNC0717,0.1837914445008368,Normal
RGN0408,0.18382040204694372,Normal
JPW0741,0.18385872208033965,Normal
MES0407,0.18387252382958053,Normal
FRL0511,0.18392378521072206,Normal
AHG0634,0.18403872639496383,Normal
BEC0505,0.18405432392879756,Normal
SSR0278,0.18408645380837074,Normal
RHC0335,0.18409051561310502,Normal
CIM0926,0.18416244412848876,Normal
HWM0342,0.18418329759015428,Normal
TAC0300,0.18419995872161377,Normal
SDB0106,0.1842013688836906,Normal
DHM0937,0.18430705664405772,Normal
ADD0846,0.18444371990609337,Normal
UCS0227,0.18455658921702822,Normal
YJV0699,0.1846658368614762,Normal
CKD0680,0.1846998205575749,Normal
HJA0018,0.18474057587101095,Normal
BCM0653,0.18489690970530198,Normal
JJB0127,0.1849620996989798,Normal
SED0886,0.18506041716333577,Normal
JML0909,0.1851546480027419,Normal
GNZ0953,0.18527993931054892,Normal
WTR0563,0.18531760164383593,Normal
AWM0764,0.18533745778188337,Normal
JOM0750,0.18535764499532814,Normal
SVL0940,0.1853583564791758,Normal
KJM0887,0.1853718108679,Normal
OKC0107,0.18537542924707207,Normal
AKK0329,0.18539229628011572,Normal
RGH0728,0.18545867417634065,Normal
ASM0575,0.18548051092407764,Normal
HKB0418,0.18554469162019555,Normal
LDM0587,0.18562406540640697,Normal
SSS0345,0.18563693996576125,Normal
TEM0977,0.18567852051605627,Normal
FSB0399,0.18574038761123407,Normal
HPM0986,0.18582678292027327,Normal
ARD0509,0.18587230542332994,Normal
SGS0268,0.18588623493009865,Normal
JMW0638,0.18588699130217218,Normal
VAA0087,0.1859500023745529,Normal
SAC0592,0.1860167176732161,Normal
SAT0194,0.18602699185268462,Normal
RDM0115,0.18604519996882285,Normal
CTR0697,0.18605949311579623,Normal
GCC0744,0.18609499858103062,Normal
NMG0766,0.18610396269425283,Normal
JJH0292,0.18618259212130034,Normal
AOS0987,0.18620203553141945,Normal
TCD0009,0.1862656214764271,Normal
LDB0090,0.18628490265908376,Normal
SRS0231,0.18633896428681707,Normal
MKL0941,0.18635208516520207,Normal
SEJ0677,0.18638385728711526,Normal
WSR0241,0.18638953811043268,Normal
NRO0768,0.1864799569984495,Normal
LQP0508,0.18649628341172808,Normal
DOL0332,0.1865364739772531,Normal
AAW0353,0.18653780861773622,Normal
KDS0349,0.18654557307166864,Normal
NHH0185,0.1865456753063805,Normal
ENL0100,0.18660855572412788,Normal
CAM0102,0.18662431849844657,Normal
OHC0973,0.18671333643834787,Normal
XLB0710,0.18681229263691734,Normal
ELH0960,0.1868737504767377,Normal
EIP0997,0.18689765460814056,Normal
KJW0416,0.18704796594972145,Normal
ERH0449,0.18705136172817305,Normal
CGF0337,0.18706856398280292,Normal
GLR0975,0.18708679444342202,Normal
AGB0643,0.1872179086502027,Normal
NUL0471,0.18725724719272963,Normal
CSJ0340,0.1872745016446727,Normal
FXF0957,0.1873378750291932,Normal
POB0343,0.1873584196371627,Normal
SLP0762,0.18740499285588536,Normal
AJP0723,0.18749388667297473,Normal
NBC0412,0.1875082135019322,Normal
IJM0139,0.18753313836189978,Normal
DEB0782,0.1876331311754167,Normal
RAH0440,0.18764018678881234,Normal
EMB0531,0.18766869320076585,Normal
KAT0270,0.18768892953088528,Normal
APG0307,0.18773384940067916,Normal
IJR0825,0.1878139794333314,Normal
DIC0988,0.18782695189423454,Normal
FHS0837,0.18783602642905134,Normal
CXC0336,0.18793746373113118,Normal
NBH0256,0.18795292475271874,Normal
MSD0939,0.1880677230171503,Normal
MLG0475,0.18811955234655597,Normal
WVB0539,0.18815236304452732,Normal
GJD0298,0.18820464016756655,Normal
ECR0822,0.18822458586171348,Normal
TYB0779,0.1882301055012452,Normal
JFC0757,0.1882478551742059,Normal
GCR0554,0.1882779005039637,Normal
AIS0405,0.18828807249822566,Normal
NKP0236,0.18834455569931685,Normal
OCB0805,0.18851333114132163,Normal
CJH0702,0.1885462823834395,Normal
ALC0788,0.1885745777079768,Normal
LFS0071,0.18860388278027101,Normal
ASL0378,0.1886113815353374,Normal
CCM0855,0.18862840264187997,Normal
CEL0561,0.18869275623677517,Normal
SJC0333,0.18877578292230773,Normal
OMS0101,0.18881373225448456,Normal
NMB0972,0.18885499511426052,Normal
CCC0393,0.18886132871539474,Normal
DTP0379,0.18894672580254912,Normal
JXH0493,0.18899783007230492,Normal
BAK0964,0.18906510478840116,Normal
HJB0742,0.18909089813465363,Normal
EZH0736,0.18909878070576647,Normal
MBR0724,0.1892403770259452,Normal
RIH0777,0.18924644007222463,Normal
YCE0983,0.1892470410624872,Normal
OQH0183,0.1895584115619875,Normal
DSM0591,0.18956796756809818,Normal
MSG0839,0.18957477311901416,Normal
SHR0334,0.18968600831944465,Normal
GQF0659,0.18968836126782251,Normal
ARL0034,0.18975766653434706,Normal
MAE0331,0.18980728017488585,Normal
SMW0084,0.1898569998230873,Normal
WAB0143,0.19001280405083826,Normal
BNG0237,0.1900286948949676,Normal
KAL0395,0.1900952155990671,Normal
SMB0804,0.19023871301847345,Normal
PKB0281,0.19024950985723393,Normal
ZFM0468,0.19032815030743555,Normal
MHG0733,0.19040261000740794,Normal
CMW0783,0.19044040656508826,Normal
ABC0253,0.19055418074289782,Normal
QSV0778,0.19056344990674584,Normal
TBT0461,0.1905647245583325,Normal
ANP0555,0.1905808163826127,Normal
ASG0692,0.19059953194764012,Normal
XBN0229,0.19068564487275602,Normal
RJM0381,0.19072561612309125,Normal
PTH0552,0.1907422541737775,Normal
RRA0938,0.1907622811737117,Normal
MHG0244,0.19082501247768446,Normal
TIW0299,0.1909479362833139,Normal
CKP0721,0.19098448274814323,Normal
JOL0024,0.19119310909477144,Normal
GZB0469,0.19123017147536547,Normal
MFV0897,0.19127235430147915,Normal
ROB0272,0.19128417369285444,Normal
TJB0302,0.1913281041191362,Normal
ASG0048,0.19133438540828795,Normal
TPH0474,0.19138584153243327,Normal
JSH0330,0.19138860811823588,Normal
NAB0801,0.19141464025179739,Normal
MLP0668,0.1914220256782851,Normal
HGH0595,0.19143968332583378,Normal
ELT0769,0.191454179612018,Normal
TLM0797,0.19146888554428698,Normal
KTG0091,0.1915051574307644,Normal
YEV0793,0.19151486491086195,Normal
MBG0438,0.1917168378667618,Normal
MNR0829,0.19171692857506273,Normal
CMS0454,0.1917377621585733,Normal
NAF0033,0.19182982412552813,Normal
VEB0935,0.1918301687326719,Normal
HGN0287,0.19198095516660474,Normal
FKB0163,0.19211477378936276,Normal
TLH0648,0.1922154328911727,Normal
JMH0543,0.1922402178954028,Normal
JZD0888,0.19228855522891553,Normal
HTF0641,0.19251286227256725,Normal
KJG0910,0.1925220681392772,Normal
TSB0437,0.1925456992526468,Normal
AAN0823,0.1925774567571638,Normal
BYP0070,0.19263702818598627,Normal
ZJS0269,0.19264258334530399,Normal
ZSL0305,0.1926930560569028,Normal
BDB0453,0.19281734565380804,Normal
PLH0715,0.19287154642407855,Normal
CLS0296,0.1929070909011707,Normal
MKS0204,0.1929919920971837,Normal
MVF0594,0.1930556893646041,Normal
KSP0966,0.19308453175165452,Normal
MIB0904,0.19311489189209613,Normal
CJG0470,0.19314292663435267,Normal
IIA0092,0.19318151789022586,Normal
GCS0518,0.1931844325805257,Normal
ESH0135,0.19323634715337068,Normal
PGH0184,0.19327033151636025,Normal
ALD0529,0.19349812555827556,Normal
DVW0103,0.19357038033264423,Normal
RAG0275,0.19366467011718685,Normal
DLH0029,0.19366497565608926,Normal
WPE0538,0.19369363529816475,Normal
RMS0266,0.19372382553613654,Normal
DZC0228,0.19373511908243568,Normal
RCP0785,0.193758791542735,Normal
JCR0770,0.19386179030491385,Normal
EMW0105,0.19391933904305347,Normal
CJK0200,0.1939339244464685,Normal
CSL0949,0.19396959214703285,Normal
HMW0713,0.19398333513625277,Normal
UBF0645,0.19400606662218833,Normal
GCC0945,0.1941958375712513,Normal
TTD1000,0.1942193395396139,Normal
DBG0261,0.19437348922325354,Normal
HSD0457,0.19440039339016107,Normal
NAB0903,0.19446347942695336,Normal
AAV0450,0.19464550769842964,Normal
JAM0382,0.19471240968228398,Normal
LJJ0905,0.1947326648614906,Normal
RNF0765,0.1947643859971997,Normal
KBC0054,0.19479295290796722,Normal
PGO0433,0.19488087068663662,Normal
SCB0534,0.19492348231848677,Normal
NCK0295,0.19500463592030287,Normal
HLM0933,0.19503776412217316,Normal
IUY0279,0.19517941484722084,Normal
BSS0463,0.19518539068558283,Normal
AES0827,0.19529632874746838,Normal
ZCF0590,0.19531272883403328,Normal
NJC0705,0.19546851694032763,Normal
CRP0456,0.19548273738915944,Normal
CKH0144,0.19551535572720574,Normal
DDM0579,0.1955156939300306,Normal
ILC0838,0.19560834600623273,Normal
AKH0758,0.19563455030964255,Normal
HSP0290,0.19563659198401928,Normal
CSB0080,0.19565385648536593,Normal
QNF0205,0.19569920512869537,Normal
AKW0167,0.19580181059872986,Normal
WNB0908,0.19587496218752998,Normal
SOG0411,0.19602235915335847,Normal
CCM0467,0.19602637385821042,Normal
KRM0541,0.19604133973431376,Normal
KQS0415,0.19609972365144857,Normal
AKF0709,0.1961735427370847,Normal
GTD0898,0.19621227866658986,Normal
EFS0882,0.1962317679556329,Normal
GOK0238,0.1962575009162214,Normal
DAG0558,0.19632876693336077,Normal
ASB0796,0.19635490557901536,Normal
OJK0233,0.1963560866106721,Normal
BSA0431,0.19639244552137547,Normal
JPA0667,0.19650702011073262,Normal
TSG0906,0.1966027147938328,Normal
HCW0419,0.1966539514608231,Normal
EGD0409,0.19668347981548434,Normal
RDM0150,0.19680831129053883,Normal
WJD0576,0.1968616306940814,Normal
PGC0066,0.19704443487107615,Normal
WAS0254,0.19707110824351043,Normal
NMF0780,0.19720382372071588,Normal
OYM0026,0.19721239204250235,Normal
MOP0763,0.19734974431219354,Normal
LJB0826,0.19746659163600677,Normal
AIH0675,0.1975413063228686,Normal
QCH0110,0.19754661658240547,Normal
FRR0832,0.19755147645488608,Normal
ORM0669,0.19764958370447505,Normal
HAC0282,0.19784606999121557,Normal
NCK0421,0.19802974510181304,Normal
ETR0428,0.19813117075913844,Normal
CNB0900,0.19813438553195334,Normal
HCL0113,0.19823186735149884,Normal
CAN0842,0.1983929325843734,Normal
CAB0388,0.1984026234553548,Normal
PKB0429,0.19841233768934935,Normal
JCR0289,0.19849465315023218,Normal
BSH0445,0.19855464060028544,Normal
IHK0841,0.19875930771447153,Normal
KVS0425,0.19876704949352442,Normal
ABN0239,0.19900696716292393,Normal
NRD0548,0.19902194085964342,Normal
SSG0250,0.1992514617936048,Normal
DOP0562,0.19934261303876422,Normal
CCW0524,0.19943748268457084,Normal
TMA0069,0.19949672722462497,Normal
ZMC0284,0.19952912625140778,Normal
ARA0252,0.19958878151027248,Normal
THD0448,0.1998102555569542,Normal
MIL0255,0.19991308558563986,Normal
CKB0427,0.20050165144880022,Normal
SOB0586,0.200529045050943,Normal
BCB0679,0.2005348864010819,Normal
KNG0672,0.20066808059412494,Normal
MDM0976,0.20110100419746407,Normal
DGF0443,0.20129687955352238,Normal
AMH0794,0.20185273723109814,Normal
BMM0112,0.2022583798401324,Normal
EJW0884,0.20230462129771193,Normal
BHW0458,0.20248436073795045,Normal
SVL0803,0.2025223729742225,Normal
HAH0248,0.20318037933981442,Normal
BMC0547,0.20337714937187917,Normal
OKB0439,0.20343597223215015,Normal
ZSK0258,0.20467754074008776,Normal
HGG0240,0.20489833654409823,Normal
HBB0056,0.20584306720718243,Normal
ONW0083,0.20585276323077922,Normal
NJB0243,0.20587160814455546,Normal
EBC0390,0.20661727128917423,Normal
WTF0387,0.20681953037420797,Normal
HIA0414,0.20727456847959963,Normal
JCV0245,0.20779059196957322,Normal
EPW0434,0.20872234680028445,Normal
DLF0377,0.20981841850269262,Normal
RFP0380,0.21026751843085384,Normal
HRW0550,0.21138375930495773,Normal
