,attachment_count
HCS0003,7372
TVS0006,7259
BTW0005,5972
KBP0008,4575
ATE0869,4531
FUM0015,4528
HPH0075,4528
NAF0326,4263
CLF0852,4240
JAD0609,4145
GKO0078,4144
TET0621,4136
DGW0752,4103
DLM0051,4050
WBC0192,4040
DMM0623,4034
MLD0755,4025
JDC0030,4003
CTW0500,3969
OCS0865,3925
VCY0751,3920
SES0477,3881
VMJ0147,3880
RUM0880,3869
ATP0662,3819
FHO0630,3811
SJO0209,3740
AJN0607,3717
KPR0497,3714
HKR0628,3694
NWK0215,3678
SGG0787,3635
SVS0871,3635
MTB0620,3628
OBH0499,3589
KBS0874,3563
MKP0861,3538
GZC0735,3504
GQP0743,3470
RZC0746,3457
THR0873,3447
KKS0119,3436
MDH0686,3422
RNP0211,3417
EWH0191,3413
DJB0159,3361
LBF0214,3348
PEV0323,3344
HKI0171,3344
NAH0503,3334
KAT0489,3321
JJH0613,3321
AJR0319,3286
CAA0612,3286
FKK0055,3275
CAB0614,3264
CSH0626,3215
CMB0912,3165
SBK0161,3162
QRM0739,3135
CPG0322,3127
ZDW0859,3100
KCS0173,3098
TVS0050,3063
BAM0611,3049
JCR0172,3037
NKH0979,3022
ASG0048,2988
JCG0316,2962
GLR0975,2945
SAK0375,2945
FGW0853,2933
SDO0170,2911
PES0085,2898
DMG0358,2880
MBJ0312,2868
WIQ0567,2824
HSB0196,2806
KES0729,2790
TOR0193,2785
HAD0246,2781
IRM0931,2780
HDS0367,2764
HCV0478,2760
BEH0615,2730
FRB0023,2722
LRR0148,2719
KJP0371,2713
LMF0980,2699
BLB0114,2694
RTO0313,2682
BEC0505,2676
JBD0616,2655
GRC0145,2651
SBN0866,2647
LPC0492,2632
WXH0872,2631
RHO0732,2629
LBC0356,2586
YCE0983,2584
LAF0991,2570
RLG0856,2570
SBH0537,2556
MAH0149,2546
CWR0502,2527
FQA0854,2514
BBG0325,2509
SPA0141,2507
MLP0668,2504
CUD0795,2502
KAT0270,2489
HVF0067,2484
SLB0049,2460
GAF0060,2458
TLM0797,2452
VMJ0546,2451
NCH0179,2447
IAR0694,2437
JGM0934,2436
VCC0396,2431
HJA0018,2426
BRB0355,2421
BAL0044,2418
MGS0974,2418
HDH0928,2414
CCH0685,2414
NDM0417,2413
WKF0012,2412
KRV0372,2410
BNG0237,2404
DIW0118,2401
RJM0381,2396
YIC0195,2387
JMC0925,2386
LCB0664,2383
MMG0943,2382
RGN0408,2377
DLS0383,2372
BTN0061,2340
ADC0391,2335
BHC0665,2331
NAR0981,2328
OKB0439,2321
FIR0920,2310
TQS0212,2300
SSG0250,2287
IBB0359,2283
CNM0800,2281
MES0407,2274
NHE0919,2272
LJT0817,2271
BTS0011,2270
LNS0989,2264
IUY0279,2262
UJC0737,2245
OLW0689,2217
RAS0432,2215
PMJ0564,2215
DPM0423,2215
AJF0370,2212
AMD0077,2210
SRH0155,2203
QJR0688,2195
KSH0569,2194
NBC0412,2191
DDA0476,2182
BWH0813,2169
MSH0040,2166
HCW0419,2166
DMK0257,2162
DCC0160,2160
ACC0042,2158
TJD0996,2149
AJD0074,2144
SJF0094,2141
CSP0197,2139
CTA0020,2135
SGM0021,2135
ANT0430,2129
EHB0420,2107
IJM0444,2101
ALD0544,2087
EIM0156,2086
LOF0311,2085
GCL0016,2083
WSR0241,2065
JFC0557,2060
BVC0790,2055
ARA0252,2054
LEM0605,2053
CKH0144,2052
JPA0667,2048
SOG0411,2031
KBG0549,2030
XHW0498,2022
RAW0915,2019
HGN0287,2017
RRA0938,2014
NBH0256,2009
CJC0494,2003
EIS0041,1999
ORM0669,1998
MSS0001,1994
MAH0864,1990
DTP0379,1989
NNS0059,1968
KJS0618,1963
ECL0930,1957
CIM0271,1950
HWW0436,1944
IMG0320,1943
AHM0410,1931
IBM0671,1928
GNS0178,1923
BBS0422,1922
CAB0388,1908
CCW0031,1904
WBC0315,1898
RSC0089,1897
VAA0087,1894
IRT0491,1891
KWE0082,1889
XAA0104,1872
KCO0122,1872
NCO0666,1865
CHG0146,1865
USH0199,1864
AIP0982,1864
ATF0274,1862
DBW0483,1862
NGC0058,1858
UFK0208,1848
IMB0481,1847
MSZ0310,1846
AHC0142,1844
PID0426,1843
KMW0545,1839
RVF0201,1838
RRP0568,1836
CBG0490,1834
GBM0603,1829
BWP0202,1827
SBN0495,1817
JMK0099,1815
SBQ0786,1812
KWC0004,1811
DGN0480,1810
AIP0394,1809
YDN0198,1799
SAA0999,1796
FLM0213,1788
IWM0816,1788
AAE0190,1780
LIM0674,1776
FDE0117,1759
RDT0424,1755
HJB0742,1754
HCM0267,1748
NGF0157,1746
GAF0570,1741
CJF0802,1738
WDD0366,1738
RSM0277,1737
KMB0922,1726
HRL0540,1721
LAM0911,1719
DSB0731,1719
RKF0164,1717
MCJ0324,1707
MAD0753,1699
CEB0210,1687
BCB0679,1687
MIC0726,1681
FAW0032,1672
BRM0995,1665
SMY0792,1664
EMS0317,1661
CRO0027,1658
HDD0789,1651
ACV0812,1651
ETR0428,1623
XWD0923,1623
ARL0034,1619
TCD0009,1612
MPT0376,1609
LHL0309,1605
SNS0129,1582
CBB0365,1571
TEB0251,1565
RGG0064,1561
AOS0987,1559
TSR0676,1556
NAF0033,1547
JNJ0556,1545
DVM0265,1543
MMB0488,1538
NGO0690,1533
MOS0047,1532
CAM0681,1521
KBB0189,1507
SDB0106,1501
ESH0283,1499
PGC0066,1499
KNB0022,1498
RDM0115,1491
DAL0673,1490
TSM0363,1469
BIH0745,1469
COF0120,1464
JAV0361,1462
HTH0007,1458
CWB0065,1451
MNS0224,1432
RGH0728,1423
PTH0552,1423
VSS0154,1417
ASL0378,1408
HRB0351,1404
KAL0395,1388
ZMC0284,1386
VSA0230,1385
CEL0561,1379
DRR0162,1376
RHY0079,1371
JOL0024,1366
AIS0405,1355
JRG0207,1353
BMS0877,1346
TSM0927,1343
JJM0203,1340
AKC0924,1336
AMH0794,1333
SSH0799,1323
GCR0554,1319
KRG0158,1317
BLL0929,1314
JAM0382,1314
CKB0427,1301
HAM0985,1297
TAP0551,1285
HIA0414,1283
BSB0990,1271
WKD0013,1270
AIH0675,1267
UIR0043,1267
SDF0017,1264
ALH0402,1263
SMW0084,1262
HAC0282,1260
RAG0275,1259
PGO0433,1257
JCR0921,1256
SAT0194,1248
BSH0445,1248
CKD0680,1246
YEV0793,1231
KKW0879,1229
KQS0415,1224
XBN0229,1218
BKW0374,1212
AQD0820,1210
ABN0239,1206
CNE0352,1204
CCA0046,1191
HRW0550,1190
HAH0248,1189
KVS0425,1179
KCF0045,1177
WAS0254,1174
BLS0678,1169
KVT0028,1163
HSG0818,1156
HLM0933,1147
TRK0914,1139
RNL0695,1135
DIB0081,1125
HGG0240,1124
ESR0693,1121
NWT0098,1120
CBG0398,1119
MIL0255,1118
WTF0387,1117
OKC0107,1117
IEB0153,1117
FSB0399,1109
QOS0878,1109
OJK0233,1106
HBB0056,1098
NKH0807,1093
RFP0380,1092
TMA0069,1091
MDM0625,1088
TTD1000,1085
DHM0937,1085
SCF0608,1083
RVC0232,1078
ONW0083,1067
HOB0994,1063
DLF0377,1056
DAG0558,1054
TDJ0998,1046
AJH0175,1042
DOP0562,1036
EZH0736,1030
LTS0860,1026
SOF0808,1026
HVB0037,1025
OMS0101,1024
KTG0091,1022
JCW0858,1020
ENL0100,1016
FBW0747,1013
IAT0263,1010
AMR0318,1007
HCL0113,1007
CQH0730,1005
KSP0357,1004
IKR0401,1003
DBG0261,1000
PKB0429,995
JTM0223,995
BER0314,986
SVL0940,983
IIA0092,981
ABC0174,981
EPW0434,980
WPE0538,979
BJW0619,976
BTL0226,974
KNG0672,973
GTD0116,955
VIA0063,954
CAH0936,936
BRS0734,931
RHL0992,926
KPC0073,925
BAH0875,917
JBM0350,914
JXH0493,912
ESJ0670,911
MYD0978,910
SKG0759,906
RHP0484,905
CTR0341,899
WDO0870,891
IUB0565,891
LLV0602,888
WVB0539,887
ZJE0857,887
JDB0169,883
WPR0368,879
CCM0855,877
SAB0781,874
FRL0511,864
EZT0640,854
FSC0601,853
ASB0796,850
BDV0168,846
MCD0125,845
TSG0906,845
MBG0438,844
JMB0308,831
TYB0779,830
CCL0068,827
SIJ0661,817
HIW0536,812
JML0909,811
HWH0646,804
ZSB0649,798
SJC0333,798
SCP0130,797
LBH0942,793
AKW0167,792
NMF0780,790
NOB0181,788
CJV0286,785
PIS0522,782
HTF0641,778
EMB0531,770
MVB0515,769
BMT0528,768
JLM0364,765
MKW0441,764
JIM0095,764
ARB0881,760
JSA0775,760
HDD0806,758
ILJ0526,756
MJM0510,755
AOB0019,754
HLH0512,753
JCR0770,752
DFR0218,752
MJS0890,740
KDT0346,733
LDB0090,730
SBD0913,728
DRR0242,728
TEM0093,725
BJM0111,712
BBS0039,710
ASG0692,707
AMW0392,706
BDI0533,706
GTD0219,705
ONL0276,701
HCC0344,698
MKS0204,696
KJM0887,695
CRK0916,695
CCH0182,694
AKK0329,693
IIW0249,691
LJJ0905,688
KRM0541,688
IYB0918,684
OCB0805,683
TDS0984,678
VLB0647,674
MIB0904,671
DZC0228,670
ALC0788,668
IBP0883,666
PMC0328,665
DBS0235,657
NMS0280,657
SSJ0784,654
MOH0273,654
FOB0756,654
CIG0052,652
SGS0268,650
SVL0803,649
DBB0384,648
YJF0532,638
JCV0245,637
CCC0393,628
ABC0253,628
LOM0086,626
EGD0409,623
VTT0385,623
ADF0397,621
SRS0231,621
DIB0285,618
BSA0431,618
BMG0917,617
MSD0939,617
ARD0509,613
AAM0658,613
QNF0205,612
WIF0691,609
NKP0236,609
HAH0760,607
FMG0527,603
KCB0815,599
BIS0247,598
SED0886,596
NAB0801,596
DOL0332,595
JMD0520,594
OYM0026,593
JGT0221,589
BTR0403,583
NJB0243,583
ALD0529,578
WNB0908,578
DLH0029,573
SAC0687,571
ASS0517,571
JTS0389,566
PGH0184,566
NCE0097,562
PPF0435,560
WLV0566,557
ZSK0258,553
HCL0651,552
CGB0637,550
PDW0259,550
LQP0508,549
UAD0771,540
MPM0220,530
CAS0507,529
SNC0187,523
CLB0774,522
FKB0163,519
BAJ0654,517
LHB0606,514
GJT0386,506
VFM0814,504
DEB0782,495
XHG0902,491
BSS0369,491
DKB0631,486
XRS0633,452
AKR0057,446
CXC0336,434
ENC0234,434
JMW0638,432
CCW0524,415
OSH0655,414
AKH0758,411
FFC0891,406
IKP0472,404
RKD0604,389
LJR0523,389
CIM0926,381
JMH0543,377
RDM0150,372
KNW0644,370
AGB0643,368
MAE0331,367
IMP0530,367
KJG0910,366
AAF0535,364
SLP0762,360
LHN0151,359
CSJ0340,356
BMM0112,350
MVH0373,343
FRR0832,329
BSS0463,326
KJJ0293,316
RIH0777,316
JHP0583,316
MAD0496,313
HMM0108,308
PDH0716,302
MLM0950,297
GJD0298,297
JJB0700,291
ASV0946,284
ASM0575,283
GNZ0953,282
CRP0456,279
LAP0338,279
LDD0560,276
MIM0712,275
JAJ0849,274
CHM0821,273
AHD0848,271
IJR0825,269
SBN0971,268
RAM0447,267
ICH0294,266
UCH0519,255
CFG0959,254
HKF0831,254
CJM0521,253
HWY0038,252
AHG0634,251
PNH0761,250
RLB0719,249
CJM0138,248
BCR0581,245
GDF0704,244
MNC0717,243
WDV0573,243
SAC0592,241
BNR0965,241
MDH0580,240
EMW0772,240
ESH0135,239
ILH0958,236
FWM0707,235
TSB0437,234
HWM0342,234
EDA0684,234
CTR0697,233
SLT0907,233
LRW0970,232
IIL0513,232
NSC0597,228
ORB0473,228
JJH0292,227
NUL0471,226
NMG0766,224
ABH0663,224
HPR0585,223
DFH0188,221
GHH0288,220
IJM0776,217
IBS0836,217
AWM0764,216
HRD0635,215
SGB0140,214
CCM0136,213
ORG0339,211
AOK0844,211
NHH0185,210
JSH0330,210
BCM0653,209
BJP0134,207
OQH0183,206
LDG0459,205
FEB0306,205
GQF0659,202
LUR0896,200
NIH0969,199
ZKS0899,196
MLG0475,195
BAM0636,193
PAD0773,192
GCG0951,192
CQH0701,189
CFM0767,189
SXM0895,188
TDG0962,187
EJW0884,184
DPS0262,184
ANM0123,184
CJP0952,182
IBB0696,182
MHH0180,181
AJL0462,181
MBW0809,181
SHW0578,179
TNM0961,178
HSP0290,176
EGK0893,175
HDJ0446,173
ADD0846,173
JKM0303,172
NRO0768,170
SAH0599,169
JRF0835,168
HFB0347,165
LJB0826,164
ZFM0468,161
HJS0072,157
BHW0458,153
BTL0722,153
ALB0892,151
TBT0461,150
AAN0823,149
CMS0454,147
AAL0706,145
TIW0299,143
CCM0467,142
CRD0624,140
EDB0714,140
GZB0469,139
EHD0584,139
RRC0553,136
FXF0957,136
MNR0829,135
HMW0713,135
BAK0964,133
APG0307,132
KPP0452,130
AMH0464,127
AAS0442,127
AAV0450,125
RAB0589,124
WRM0963,119
PLH0715,118
DCH0843,113
GHL0460,112
RYB0718,111
SMH0291,111
JKJ0698,107
ARB0834,94
HXL0968,92
ABM0845,92
ELB0847,92
AJC0840,87
MLL0598,86
MTT0901,86
KLH0596,85
JKF0465,84
JCR0289,84
PTH0830,83
MJB0588,82
GCC0945,79
ZSL0305,77
MSG0839,77
BQS0525,76
TJB0302,76
AVM0947,74
JDF0593,72
BVN0514,72
NJC0705,72
PMV0850,71
ILC0838,69
PNL0301,69
HSD0457,68
THD0448,68
LDM0587,67
AIB0948,66
GCS0571,65
NMB0972,64
CLH0703,61
DAR0885,60
WJD0576,59
ILR0304,52
ICS0956,49
MCF0600,48
RAR0725,45
LPH0572,39
EGD0132,38
EHB0824,32
CAC0889,25
EAH0466,19
JRH0455,6
NSS0876,0
LQC0479,0
LNR0656,0
IJM0139,0
NRF0137,0
NRD0548,0
NNA0610,0
NMC0486,0
NLO0131,0
JIG0128,0
CJK0200,0
CJH0702,0
CJG0470,0
OMM0944,0
OLF0504,0
OLB0749,0
OHC0973,0
BJH0354,0
HPM0986,0
HKB0418,0
JKB0126,0
GCS0518,0
GCC0744,0
FTM0406,0
LHB0967,0
LFS0071,0
FBA0348,0
ETR0177,0
JJB0127,0
QSV0778,0
QPM0727,0
QNP0216,0
QCH0110,0
PSF0133,0
PRM0740,0
POB0343,0
PLH0862,0
PKB0281,0
PBP0002,0
JLW0053,0
RBB0485,0
RAH0440,0
ESA0642,0
ERH0449,0
LCD0622,0
LCC0819,0
CAN0842,0
CAM0102,0
CMW0783,0
BYP0070,0
BXJ0010,0
KSP0966,0
KRL0501,0
KRL0062,0
HGH0595,0
CMM0487,0
HDL0748,0
WGR0833,0
HBO0413,0
HAV0121,0
CSC0217,0
CSB0080,0
RHC0335,0
BBH0810,0
KBL0260,0
CYA0506,0
CSL0949,0
ASS0206,0
RCP0785,0
RCC0617,0
CKB0482,0
WGS0516,0
AIM0627,0
AGB0186,0
EFS0882,0
AES0827,0
DGM0754,0
DGF0443,0
DDM0579,0
DJS0682,0
MHG0244,0
ROB0272,0
RNF0765,0
RMW0542,0
RMS0266,0
RJB0088,0
SAP0867,0
MHA0798,0
MFV0897,0
ASD0577,0
MOP0763,0
MKL0941,0
KQC0708,0
MKG0711,0
KMS0657,0
KLM0639,0
FHS0837,0
KBC0054,0
CLS0296,0
KAC0124,0
CLD0894,0
CKP0721,0
CGA0629,0
CFW0264,0
JZD0888,0
IJW0851,0
CEJ0109,0
CCR0863,0
GMF0738,0
KKC0683,0
KJW0416,0
KJA0152,0
KDS0349,0
JFC0757,0
JER0404,0
IDO0176,0
MSO0222,0
JCC0225,0
ANP0555,0
JRS0362,0
AMV0036,0
JRL0574,0
AMM0014,0
AMJ0297,0
JPW0741,0
JOM0750,0
SMB0804,0
SJW0451,0
JNA0559,0
SHR0334,0
SER0165,0
SEJ0677,0
SCB0534,0
CGF0337,0
MHG0733,0
DVW0103,0
DTT0076,0
DSM0591,0
EMW0105,0
ELT0769,0
CQW0652,0
ELH0960,0
COM0321,0
CNB0900,0
EIP0997,0
GTD0898,0
GRM0868,0
GOK0238,0
SOB0586,0
SOB0360,0
DID0650,0
DIC0988,0
ZCF0590,0
YWW0660,0
YJV0699,0
EHR0096,0
TEM0977,0
MVF0594,0
BMC0547,0
AMR0400,0
BJH0811,0
SSS0345,0
SSR0278,0
ECR0822,0
ECF0828,0
EBC0390,0
FPC0954,0
IHK0841,0
AAF0791,0
UBF0645,0
NCK0421,0
TUC0632,0
NCK0295,0
NAB0903,0
MDM0976,0
MCT0720,0
TPH0474,0
MCS0035,0
TLK0993,0
TLH0648,0
TJG0582,0
MCF0327,0
MBR0724,0
ZJS0269,0
MAW0166,0
WTR0563,0
MAS0025,0
AKF0709,0
AJR0932,0
AJP0723,0
WAB0143,0
VEB0935,0
UCS0227,0
XLB0710,0
MAR0955,0
AAW0353,0
BDB0453,0
TAC0300,0
