user,login_count
AJF0370,1777
CBB0365,1758
WPR0368,1735
BAL0044,1709
IBB0359,1676
LBC0356,1662
EIS0041,1661
HDS0367,1655
DMG0358,1655
WDD0366,1450
UIR0043,1430
SAK0375,1414
MNS0224,1413
KRV0372,1410
QNP0216,1407
TSM0363,1397
KJP0371,1394
KCF0045,1390
JRS0362,1388
JAV0361,1384
JCC0225,1375
ACC0042,1362
BKW0374,1358
DFR0218,1357
JLM0364,1314
MPM0220,1085
IRM0931,1063
MSH0040,1050
HAD0246,1047
IKP0472,1016
LBF0214,1015
CTR0341,996
EHB0420,991
NAF0326,977
BSS0369,962
NOB0181,961
BVC0790,960
SMH0291,957
MSO0222,950
BRB0355,949
KSP0357,945
RZC0746,925
FOB0756,912
SSJ0784,908
OBH0499,907
JAJ0849,905
ATE0869,903
HDD0806,903
MOS0047,895
JDC0030,894
SOB0360,890
LAP0338,874
BDI0533,862
CMB0912,860
FKK0055,856
IAR0694,856
DLM0051,856
JHP0583,853
NWK0215,853
MDH0686,845
LRR0148,841
MLM0950,840
TDS0984,836
LBH0942,819
RSC0089,815
RHO0732,813
ILJ0526,813
AJR0319,812
GZC0735,811
TVS0050,806
RAM0447,806
JDF0593,805
CCA0046,804
AMW0392,804
BWP0202,803
CSH0626,801
WIQ0567,798
NGF0157,795
JMC0925,779
ACV0812,770
ATP0662,766
RAW0915,762
AHC0142,755
SJO0209,753
AJD0074,750
CHM0821,749
JTM0223,748
TDG0962,747
AOK0844,746
HWW0436,745
GKO0078,744
CSP0197,743
SRH0155,742
PMJ0564,742
AIB0948,741
RSM0277,740
IJM0444,740
KPR0497,739
DIW0118,739
SVS0871,738
LIM0674,738
CLF0852,737
SSH0799,737
ILH0958,737
CAS0507,735
JMK0099,735
JCG0316,734
MPT0376,734
EZT0640,733
KBP0008,733
CWB0065,731
AHD0848,731
MJM0510,728
SGB0140,728
KMB0922,728
YIC0195,726
AHM0410,725
JCR0172,723
HRB0351,723
NKH0979,722
IBS0836,722
RTO0313,722
AJN0607,721
HPH0075,721
NDM0417,720
KCO0122,719
GCL0016,719
SED0886,718
MNC0717,715
DMK0257,715
YJF0532,715
LDG0459,714
LQP0508,713
MVB0515,712
JJH0613,711
HKR0628,709
AOS0987,709
SBK0161,707
UFK0208,704
LNS0989,702
DFH0188,702
FEB0306,700
BTN0061,700
JMD0520,699
VCC0396,698
PAD0773,698
BLB0114,696
IBP0883,696
CWR0502,696
SDB0106,696
SBH0537,694
PIS0522,692
BCR0581,692
VAA0087,691
KJJ0293,691
BEH0615,690
RDT0424,690
SPA0141,688
BTR0403,688
CAB0614,688
PEV0323,686
SMY0792,686
MDM0625,685
KCS0173,685
LCB0664,682
CFM0767,682
CJF0802,679
GNS0178,676
PMV0850,671
DTP0379,670
BIS0247,664
BBS0039,663
RUM0880,660
JJH0292,658
GCG0951,656
PDW0259,653
RHP0484,653
WBC0192,653
CJP0952,653
AJL0462,652
ANT0430,651
PDH0716,651
RLG0856,651
KBG0549,650
RRP0568,649
MKW0441,649
UAD0771,647
HCL0651,644
AIP0394,643
GDF0704,643
BBG0325,643
HRL0540,643
BRM0995,642
CRO0027,642
MBJ0312,642
AMR0318,641
DJB0159,641
JBD0616,640
CTA0020,639
LJT0817,639
TOR0193,639
BMG0917,638
CCH0685,638
HVF0067,637
IBB0696,637
OCS0865,636
AIP0982,636
TEB0251,636
RVF0201,635
CIM0271,634
ABM0845,633
CCM0136,633
GAF0570,633
KES0729,632
TVS0006,630
SAA0999,630
GCS0571,629
HWH0646,629
DAL0673,629
ZDW0859,628
CRK0916,627
NIH0969,627
DMM0623,627
SSG0250,626
MIB0904,626
MTB0620,626
KCB0815,625
RNP0211,625
SGM0021,625
JGM0934,624
IUY0279,623
SES0477,622
SAB0781,622
KDT0346,622
ALD0529,622
YDN0198,622
IWM0816,622
TDJ0998,622
ADC0391,622
NGO0690,622
NCO0666,622
KMW0545,621
XAA0104,621
KWE0082,621
PMC0328,621
MAH0149,621
JML0909,621
ASM0575,621
JDB0169,620
VCY0751,620
ASL0378,620
MKP0861,620
EMB0531,619
IBM0671,619
HSG0818,619
HCW0419,619
TSR0676,619
DGW0752,618
ABC0253,617
ARA0252,617
ECL0930,617
CJV0286,617
WAS0254,617
CQH0701,617
TYB0779,616
GNZ0953,616
LMF0980,616
BNR0965,616
KBS0874,616
WIF0691,616
VMJ0546,616
KKS0119,615
CEL0561,615
ASS0517,615
BJP0134,615
JFC0557,615
SAC0592,614
RNL0695,614
PES0085,614
MSS0001,614
EWH0191,613
ABN0239,613
OLW0689,613
HTH0007,613
CAM0681,613
LAF0991,613
CAA0612,613
CTR0697,613
XRS0633,612
NHE0919,612
NUL0471,612
PTH0552,611
HCV0478,611
HAH0760,611
GLR0975,611
BAM0611,611
CAB0388,610
CGB0637,610
MLD0755,610
ASV0946,610
BNG0237,609
HJA0018,609
WNB0908,608
RRA0938,608
TSG0906,608
HPR0585,607
SDO0170,607
LAM0911,606
DLS0383,603
RAS0432,603
SGG0787,602
JGT0221,586
BCB0679,577
VSA0230,560
ABC0174,533
ESJ0670,515
CPG0322,503
HLH0512,501
BBS0422,498
HSB0196,494
NGC0058,492
WDV0573,491
GTD0219,490
MHH0180,485
ENC0234,483
QJR0688,483
TNM0961,477
VFM0814,476
WXH0872,475
JKJ0698,471
TET0621,469
CSC0217,467
BTW0005,466
BAH0875,465
NAH0503,465
MMG0943,465
CJM0521,464
BHC0665,463
SCP0130,459
DPM0423,457
SJC0333,457
FGW0853,455
NMS0280,454
FFC0891,453
KKW0879,451
PID0426,451
HWY0038,449
SBN0971,449
HJB0742,446
BJM0111,442
DRR0242,442
IIL0513,439
FIR0920,439
JAD0609,438
WDO0870,438
XWD0923,438
CFG0959,437
ORM0669,435
PNH0761,435
IIW0249,435
JBM0350,434
RAB0589,432
ICH0294,429
PTH0830,425
CLB0774,424
JJM0203,424
JTS0389,423
MGS0974,421
WSR0241,421
JKF0465,420
AKR0057,419
ETR0428,417
TAP0551,417
WKD0013,407
BTL0226,406
PGH0184,406
AJH0175,405
GHH0288,404
JMH0543,404
LUR0896,403
HVB0037,403
EHD0584,401
MOH0273,401
RGG0064,401
BDB0453,400
DVM0265,398
FBW0747,398
ZJE0857,393
BAJ0654,388
ZKS0899,385
IEB0153,383
ESH0283,381
ELB0847,381
VTT0385,379
OYM0026,377
NJB0243,376
AVM0947,375
FWM0707,374
DBS0235,374
LPC0492,372
BMT0528,372
SBN0866,372
JJB0700,371
THR0873,370
BLS0678,366
LJJ0905,366
QRM0739,365
HWM0342,365
BSS0463,364
KRM0541,364
MCD0125,364
RJM0381,364
RLB0719,364
NSC0597,363
ARD0509,362
EMW0772,361
RHY0079,358
NHH0185,355
NKP0236,355
FAW0032,354
CAH0936,354
TQS0212,352
FQA0854,351
USH0199,349
NBC0412,349
FBA0348,348
HCC0344,346
HCL0113,346
GJD0298,346
HDD0789,346
HDH0928,346
HDJ0446,346
HDL0748,346
CHG0146,346
WBC0315,346
CJK0200,346
CJM0138,346
TSB0437,346
GZB0469,346
HAC0282,346
HAH0248,346
HAM0985,346
HAV0121,346
TTD1000,346
TUC0632,346
UBF0645,346
FRR0832,346
HGG0240,346
HGH0595,346
HGN0287,346
TJG0582,346
TLH0648,346
TLK0993,346
TLM0797,346
TMA0069,346
HKF0831,346
HLM0933,346
HMW0713,346
HOB0994,346
HPM0986,346
HCM0267,346
HCS0003,346
IIA0092,346
IJM0139,346
CJG0470,346
CJH0702,346
CMM0487,346
CMS0454,346
ILR0304,346
IMB0481,346
IMG0320,346
IMP0530,346
IRT0491,346
CAM0102,346
CAN0842,346
HRW0550,346
HSD0457,346
HSP0290,346
HTF0641,346
TJD0996,346
IDO0176,346
IHK0841,346
FUM0015,346
FXF0957,346
GAF0060,346
GCC0744,346
GJT0386,346
GMF0738,346
CCR0863,346
CCW0031,346
CCW0524,346
CLH0703,346
CLS0296,346
ILC0838,346
JFC0757,346
JIG0128,346
JIM0095,346
JJB0127,346
CBG0398,346
CBG0490,346
CEB0210,346
CGA0629,346
CGF0337,346
TEM0977,346
THD0448,346
TIW0299,346
TJB0302,346
JCR0770,346
JCR0921,346
JCV0245,346
IJR0825,346
CMW0783,346
FHO0630,346
FHS0837,346
FKB0163,346
FPC0954,346
TSM0927,346
ETR0177,346
EZH0736,346
GCC0945,346
IJW0851,346
JPA0667,346
JPW0741,346
JRF0835,346
JRL0574,346
BTL0722,346
BTS0011,346
BWH0813,346
WGR0833,346
WGS0516,346
WJD0576,346
WKF0012,346
IYB0918,346
JAM0382,346
JCR0289,346
KAL0395,346
KAT0270,346
KAT0489,346
KBB0189,346
KBC0054,346
KBL0260,346
BMM0112,346
JKM0303,346
JLW0053,346
JMW0638,346
JCW0858,346
JER0404,346
JOL0024,346
JOM0750,346
KAC0124,346
GCR0554,346
GCS0518,346
FDE0117,346
CKB0427,346
CKB0482,346
CKD0680,346
CKH0144,346
CCM0467,346
CCM0855,346
ELH0960,346
ELT0769,346
EMS0317,346
EMW0105,346
LCD0622,346
LDB0090,346
KNW0644,346
KPP0452,346
BSA0431,346
BSB0990,346
BSH0445,346
CCC0393,346
CCH0182,346
KDS0349,346
KTG0091,346
JSA0775,346
JSH0330,346
JXH0493,346
JZD0888,346
TAC0300,346
TBT0461,346
TCD0009,346
KVS0425,346
BJH0354,346
BJH0811,346
KJA0152,346
KJG0910,346
KJM0887,346
KJS0618,346
KJW0416,346
KKC0683,346
KLM0639,346
KMS0657,346
KNB0022,346
EFS0882,346
EGK0893,346
DKB0631,346
DLF0377,346
BLL0929,346
BMC0547,346
KVT0028,346
KWC0004,346
KQC0708,346
KQS0415,346
KRG0158,346
KRL0062,346
KSH0569,346
KSP0966,346
MAD0753,346
BJW0619,346
AWM0764,346
BXJ0010,346
FRB0023,346
FRL0511,346
ENL0100,346
EPW0434,346
ERH0449,346
ESA0642,346
ESH0135,346
EBC0390,346
ECR0822,346
MAW0166,346
MBR0724,346
WPE0538,346
BBH0810,346
LJB0826,346
WLV0566,346
LLV0602,346
LNR0656,346
SRS0231,346
SSS0345,346
SVL0803,346
SVL0940,346
SXM0895,346
LRW0970,346
LTS0860,346
ZSL0305,346
MCJ0324,346
MCS0035,346
MCT0720,346
MDM0976,346
LOF0311,346
MAE0331,346
MAH0864,346
LDM0587,346
LEM0605,346
LFS0071,346
LHB0967,346
LHL0309,346
LHN0151,346
MJS0890,346
MKG0711,346
MKL0941,346
DSB0731,346
MHG0244,346
MHG0733,346
MIC0726,346
MIL0255,346
MIM0712,346
MJB0588,346
MVF0594,346
BCM0653,346
ZFM0468,346
ARB0881,346
GQF0659,346
BEC0505,346
BER0314,346
BHW0458,346
MCF0327,346
MOP0763,346
MES0407,346
MFV0897,346
RIH0777,346
MHA0798,346
DLH0029,346
RJB0088,346
ZCF0590,346
ZMC0284,346
EHR0096,346
EIM0156,346
EIP0997,346
AIS0405,346
DID0650,346
DOL0332,346
DOP0562,346
MSZ0310,346
NCH0179,346
NCK0295,346
NAB0801,346
NAB0903,346
MKS0204,346
MLG0475,346
MLL0598,346
MLP0668,346
MNR0829,346
SNS0129,346
SOB0586,346
SOF0808,346
SOG0411,346
XBN0229,346
WVB0539,346
SMW0084,346
ZSK0258,346
NLO0131,346
NMB0972,346
NMC0486,346
NMF0780,346
NMG0766,346
ATF0274,346
AMH0794,346
AMJ0297,346
AMM0014,346
GQP0743,346
BAK0964,346
BAM0636,346
MSD0939,346
MSG0839,346
SKG0759,346
SLB0049,346
DSM0591,346
UCS0227,346
UJC0737,346
GRC0145,346
DTT0076,346
GRM0868,346
DVW0103,346
DZC0228,346
COM0321,346
CIG0052,346
CJC0494,346
CQH0730,346
SLP0762,346
SMB0804,346
APG0307,346
AQD0820,346
AJP0723,346
NNA0610,346
NNS0059,346
NAR0981,346
TPH0474,346
NBH0256,346
NCE0097,346
NSS0876,346
OCB0805,346
OHC0973,346
OJK0233,346
OKB0439,346
OKC0107,346
NCK0421,346
OSH0655,346
ALD0544,346
PBP0002,346
NRF0137,346
ALH0402,346
SBQ0786,346
SCB0534,346
NJC0705,346
NKH0807,346
OMM0944,346
OMS0101,346
ONL0276,346
ONW0083,346
OQH0183,346
ORB0473,346
ORG0339,346
DDA0476,346
VEB0935,346
PLH0862,346
OLF0504,346
RFP0380,346
SCF0608,346
RHC0335,346
POB0343,346
AKC0924,346
AKF0709,346
AKH0758,346
ARL0034,346
ASD0577,346
ASG0048,346
ASG0692,346
ASS0206,346
SDF0017,346
PGO0433,346
PKB0281,346
PKB0429,346
PLH0715,346
CRP0456,346
CSB0080,346
DDM0579,346
DEB0782,346
DGF0443,346
DHM0937,346
DIC0988,346
DBB0384,346
DBG0261,346
XLB0710,346
DCC0160,346
RCC0617,346
RCP0785,346
RDM0115,346
RDM0150,346
YCE0983,346
PRM0740,346
QNF0205,346
QPM0727,346
YEV0793,346
QSV0778,346
RAG0275,346
SHW0578,346
SIJ0661,346
SJF0094,346
SJW0451,346
PGC0066,346
AMR0400,346
AMV0036,346
VIA0063,346
VLB0647,346
VMJ0147,346
CNB0900,346
CNE0352,346
CNM0800,346
AJC0840,346
YJV0699,346
AAE0190,346
CSJ0340,346
CSL0949,346
ANP0555,346
AOB0019,346
RBB0485,346
XHG0902,346
ZJS0269,346
HIA0414,346
HIW0536,346
RMS0266,346
RNF0765,346
SER0165,346
SGS0268,346
SHR0334,346
RVC0232,346
RYB0718,346
RAH0440,346
AMD0077,346
AMH0464,346
AIH0675,346
AIM0627,346
AAF0791,346
SAT0194,346
CKP0721,346
CLD0894,346
DJS0682,346
CTW0500,346
CUD0795,346
CXC0336,346
DAG0558,346
ZSB0649,346
AAW0353,346
ABH0663,346
SBD0913,346
SBN0495,346
GTD0116,346
WTF0387,346
WTR0563,346
AAN0823,346
SAH0599,346
AKK0329,346
GTD0898,346
AKW0167,346
ALC0788,346
ADD0846,346
ADF0397,346
AES0827,346
AGB0186,346
AGB0643,346
AAL0706,346
SAC0687,346
HBB0056,346
AAV0450,346
ROB0272,345
RGN0408,345
JNJ0556,345
JNA0559,345
JKB0126,345
FLM0213,345
TRK0914,345
DBW0483,345
EJW0884,345
HKI0171,345
NAF0033,344
DIB0081,340
RKF0164,335
FSB0399,335
HKB0418,332
DGN0480,329
CQW0652,327
FSC0601,324
WRM0963,324
HBO0413,323
GBM0603,322
NRO0768,322
RHL0992,321
NWT0098,319
CEJ0109,318
MMB0488,310
MCF0600,308
NRD0548,306
QCH0110,305
MAR0955,302
KNG0672,301
SNC0187,300
COF0120,298
MDH0580,296
PPF0435,294
KLH0596,294
AHG0634,294
DCH0843,294
CCL0068,288
IKR0401,287
JRG0207,287
RGH0728,281
UCH0519,279
FMG0527,274
ASB0796,265
KRL0501,265
HFB0347,264
YWW0660,261
DRR0162,256
MYD0978,255
LOM0086,255
WAB0143,254
ICS0956,251
FTM0406,249
QOS0878,248
EGD0409,248
TEM0093,247
MVH0373,247
EDB0714,242
GOK0238,241
BYP0070,238
MBG0438,235
ALB0892,235
IUB0565,234
GHL0460,232
CIM0926,230
AAM0658,229
VSS0154,213
HRD0635,212
ECF0828,211
ARB0834,211
HXL0968,211
MAS0025,206
LQC0479,201
AJR0932,199
SSR0278,196
XHW0498,195
ESR0693,192
PSF0133,190
EGD0132,189
IAT0263,186
DIB0285,184
SEJ0677,176
SLT0907,173
IJM0776,171
RAR0725,171
BDV0168,170
LJR0523,170
EHB0824,164
AAF0535,164
RMW0542,161
JMB0308,157
LCC0819,157
PNL0301,156
KPC0073,154
RKD0604,154
BIH0745,148
SAP0867,146
RRC0553,135
DPS0262,127
BMS0877,126
HMM0108,120
MAD0496,118
BVN0514,118
BRS0734,110
CYA0506,105
OLB0749,98
AAS0442,86
LHB0606,82
EAH0466,65
CFW0264,60
CAC0889,60
DAR0885,58
BQS0525,56
JRH0455,55
LDD0560,50
ANM0123,50
CRD0624,50
MTT0901,49
HJS0072,46
EDA0684,44
LPH0572,37
MBW0809,30
DGM0754,29
